{
  "status": "pass",
  "reference_stage1c_delta": 0.0064,
  "accepted_tail_mean_interval": [
    0.001,
    0.0128
  ],
  "tail_epoch_range": [
    80,
    100
  ],
  "tail_mean": 0.009295238095238093,
  "tail_std": 0.0011553091486805488,
  "tail_min": 0.005899999999999905,
  "tail_max": 0.011900000000000022,
  "epoch100_delta": 0.009300000000000086,
  "note": "Failure stops Stage 1 before the remaining runs."
}