block_type,grid,epochs,delta_direction_mean,delta_direction_std,delta_direction_min,delta_direction_max,delta_direction_range,delta_direction_last
gru,8,80-100,-0.01261428571428571,0.0017504518367133144,-0.016899999999999915,-0.008700000000000041,0.008199999999999874,-0.011199999999999988
gru,16,80-100,-0.004161904761904774,0.0019809752745929975,-0.008000000000000007,0.0012000000000000899,0.009200000000000097,-0.0049000000000000155
gru,32,80-100,0.020614285714285713,0.0021907349743616068,0.015800000000000036,0.024499999999999966,0.00869999999999993,0.019999999999999907
mamba,8,80-100,0.0012666666666666753,0.0011357117899543367,-0.0008000000000000229,0.0039000000000000146,0.0047000000000000375,0.00019999999999997797
