batch,dataset,arch,block,d_model,grid,seq_len,exp_id,group,seed,epochs,tail_val_acc,tail_train_acc,final_val_acc,param_count,source
earlier,cifar10,channel_split,gru,256,16,256,channel_real_4dir,GEO_DIV,0,100,82.5395,89.7286,82.65,215562,csplit_d256_seed0/stage1_results.json
earlier,cifar10,channel_split,gru,256,16,256,channel_real_4dir,GEO_DIV,1,100,82.0655,89.5064,82.12,215562,csplit_d256_seed1/stage1_results.json
earlier,cifar10,channel_split,gru,256,16,256,channel_real_4dir,GEO_DIV,2,100,82.6205,89.6196,82.82,215562,csplit_d256_seed2/stage1_results.json
earlier,cifar10,channel_split,gru,256,16,256,channel_real_4dir,GEO_DIV,3,100,81.888,89.3268,82.01,215562,csplit_d256_seed3/stage1_results.json
earlier,cifar10,channel_split,gru,256,16,256,channel_real_4dir,GEO_DIV,4,100,82.2625,89.451,82.35,215562,csplit_d256_seed4/stage1_results.json
earlier,cifar10,channel_split,gru,256,16,256,channel_same_row_4,GEO_S,0,100,82.028,88.7766,82.21,215562,csplit_d256_seed0/stage1_results.json
earlier,cifar10,channel_split,gru,256,16,256,channel_same_row_4,GEO_S,1,100,82.0335,88.9957,82.1,215562,csplit_d256_seed1/stage1_results.json
earlier,cifar10,channel_split,gru,256,16,256,channel_same_row_4,GEO_S,2,100,82.1475,88.6893,82.3,215562,csplit_d256_seed2/stage1_results.json
earlier,cifar10,channel_split,gru,256,16,256,channel_same_row_4,GEO_S,3,100,82.1845,89.2617,82.34,215562,csplit_d256_seed3/stage1_results.json
earlier,cifar10,channel_split,gru,256,16,256,channel_same_row_4,GEO_S,4,100,82.401,89.1829,82.51,215562,csplit_d256_seed4/stage1_results.json
earlier,cifar10,channel_split,gru,256,16,256,channel_rand_perm_4,RND_D,0,100,76.579,80.5992,76.82,215562,csplit_d256_seed0/stage1_results.json
earlier,cifar10,channel_split,gru,256,16,256,channel_rand_perm_4,RND_D,1,100,76.5145,80.9856,76.53,215562,csplit_d256_seed1/stage1_results.json
earlier,cifar10,channel_split,gru,256,16,256,channel_rand_perm_4,RND_D,2,100,75.65,79.7264,75.7,215562,csplit_d256_seed2/stage1_results.json
earlier,cifar10,channel_split,gru,256,16,256,channel_rand_perm_4,RND_D,3,100,75.988,81.0806,75.98,215562,csplit_d256_seed3/stage1_results.json
earlier,cifar10,channel_split,gru,256,16,256,channel_rand_perm_4,RND_D,4,100,75.619,80.7536,75.71,215562,csplit_d256_seed4/stage1_results.json
earlier,cifar10,channel_split,gru,256,16,256,channel_same_perm_4,RND_S,0,100,75.9675,80.5228,76.09,215562,csplit_d256_seed0/stage1_results.json
earlier,cifar10,channel_split,gru,256,16,256,channel_same_perm_4,RND_S,1,100,76.5765,81.0928,76.68,215562,csplit_d256_seed1/stage1_results.json
earlier,cifar10,channel_split,gru,256,16,256,channel_same_perm_4,RND_S,2,100,74.952,79.496,74.96,215562,csplit_d256_seed2/stage1_results.json
earlier,cifar10,channel_split,gru,256,16,256,channel_same_perm_4,RND_S,3,100,75.859,81.0336,76.03,215562,csplit_d256_seed3/stage1_results.json
earlier,cifar10,channel_split,gru,256,16,256,channel_same_perm_4,RND_S,4,100,75.84,80.618,75.88,215562,csplit_d256_seed4/stage1_results.json
earlier,cifar10,channel_split,gru,256,32,1024,channel_real_4dir,GEO_DIV,0,100,80.112,89.3172,80.16,221450,csplit_d256_seed0/stage1_results.json
earlier,cifar10,channel_split,gru,256,32,1024,channel_real_4dir,GEO_DIV,1,100,79.7045,89.8737,79.78,221450,csplit_d256_seed1/stage1_results.json
earlier,cifar10,channel_split,gru,256,32,1024,channel_real_4dir,GEO_DIV,2,100,78.7425,89.766,78.81,221450,csplit_d256_seed2/stage1_results.json
earlier,cifar10,channel_split,gru,256,32,1024,channel_real_4dir,GEO_DIV,3,100,79.836,90.1047,79.97,221450,csplit_d256_seed3/stage1_results.json
earlier,cifar10,channel_split,gru,256,32,1024,channel_real_4dir,GEO_DIV,4,100,79.6395,89.1978,79.74,221450,csplit_d256_seed4/stage1_results.json
earlier,cifar10,channel_split,gru,256,32,1024,channel_same_row_4,GEO_S,0,100,77.133,85.812,77.19,221450,csplit_d256_seed0/stage1_results.json
earlier,cifar10,channel_split,gru,256,32,1024,channel_same_row_4,GEO_S,1,100,76.6815,85.7396,76.77,221450,csplit_d256_seed1/stage1_results.json
earlier,cifar10,channel_split,gru,256,32,1024,channel_same_row_4,GEO_S,2,100,76.253,85.679,76.3,221450,csplit_d256_seed2/stage1_results.json
earlier,cifar10,channel_split,gru,256,32,1024,channel_same_row_4,GEO_S,3,100,76.096,85.5462,76.11,221450,csplit_d256_seed3/stage1_results.json
earlier,cifar10,channel_split,gru,256,32,1024,channel_same_row_4,GEO_S,4,100,76.268,85.4172,76.41,221450,csplit_d256_seed4/stage1_results.json
earlier,cifar10,channel_split,gru,256,32,1024,channel_rand_perm_4,RND_D,0,100,65.731,75.2249,65.78,221450,csplit_d256_seed0/stage1_results.json
earlier,cifar10,channel_split,gru,256,32,1024,channel_rand_perm_4,RND_D,1,100,66.222,76.1197,66.29,221450,csplit_d256_seed1/stage1_results.json
earlier,cifar10,channel_split,gru,256,32,1024,channel_rand_perm_4,RND_D,2,100,66.2135,76.4311,66.15,221450,csplit_d256_seed2/stage1_results.json
earlier,cifar10,channel_split,gru,256,32,1024,channel_rand_perm_4,RND_D,3,100,66.2285,75.5026,66.21,221450,csplit_d256_seed3/stage1_results.json
earlier,cifar10,channel_split,gru,256,32,1024,channel_rand_perm_4,RND_D,4,100,66.242,75.2156,66.36,221450,csplit_d256_seed4/stage1_results.json
earlier,cifar10,channel_split,gru,256,32,1024,channel_same_perm_4,RND_S,0,100,65.4365,75.1735,65.38,221450,csplit_d256_seed0/stage1_results.json
earlier,cifar10,channel_split,gru,256,32,1024,channel_same_perm_4,RND_S,1,100,65.8065,76.4829,65.94,221450,csplit_d256_seed1/stage1_results.json
earlier,cifar10,channel_split,gru,256,32,1024,channel_same_perm_4,RND_S,2,100,66.6785,76.5997,66.68,221450,csplit_d256_seed2/stage1_results.json
earlier,cifar10,channel_split,gru,256,32,1024,channel_same_perm_4,RND_S,3,100,66.157,75.5739,66.26,221450,csplit_d256_seed3/stage1_results.json
earlier,cifar10,channel_split,gru,256,32,1024,channel_same_perm_4,RND_S,4,100,66.233,75.108,66.3,221450,csplit_d256_seed4/stage1_results.json
earlier,cifar10,channel_split,gru,256,8,64,channel_real_4dir,GEO_DIV,0,100,80.8775,85.5007,81.02,220682,csplit_d256_seed0/stage1_results.json
earlier,cifar10,channel_split,gru,256,8,64,channel_real_4dir,GEO_DIV,1,100,80.4505,85.1342,80.59,220682,csplit_d256_seed1/stage1_results.json
earlier,cifar10,channel_split,gru,256,8,64,channel_real_4dir,GEO_DIV,2,100,80.677,85.3842,80.83,220682,csplit_d256_seed2/stage1_results.json
earlier,cifar10,channel_split,gru,256,8,64,channel_real_4dir,GEO_DIV,3,100,80.5285,85.8065,80.62,220682,csplit_d256_seed3/stage1_results.json
earlier,cifar10,channel_split,gru,256,8,64,channel_real_4dir,GEO_DIV,4,100,80.4775,85.1994,80.55,220682,csplit_d256_seed4/stage1_results.json
earlier,cifar10,channel_split,gru,256,8,64,channel_same_row_4,GEO_S,0,100,80.572,85.4007,80.65,220682,csplit_d256_seed0/stage1_results.json
earlier,cifar10,channel_split,gru,256,8,64,channel_same_row_4,GEO_S,1,100,80.3165,85.4324,80.5,220682,csplit_d256_seed1/stage1_results.json
earlier,cifar10,channel_split,gru,256,8,64,channel_same_row_4,GEO_S,2,100,80.824,85.6213,80.94,220682,csplit_d256_seed2/stage1_results.json
earlier,cifar10,channel_split,gru,256,8,64,channel_same_row_4,GEO_S,3,100,80.661,86.0111,80.82,220682,csplit_d256_seed3/stage1_results.json
earlier,cifar10,channel_split,gru,256,8,64,channel_same_row_4,GEO_S,4,100,80.5905,85.9847,80.6,220682,csplit_d256_seed4/stage1_results.json
earlier,cifar10,channel_split,gru,256,8,64,channel_rand_perm_4,RND_D,0,100,75.8255,77.7201,75.93,220682,csplit_d256_seed0/stage1_results.json
earlier,cifar10,channel_split,gru,256,8,64,channel_rand_perm_4,RND_D,1,100,75.9715,77.5759,76.25,220682,csplit_d256_seed1/stage1_results.json
earlier,cifar10,channel_split,gru,256,8,64,channel_rand_perm_4,RND_D,2,100,76.2345,78.2263,76.26,220682,csplit_d256_seed2/stage1_results.json
earlier,cifar10,channel_split,gru,256,8,64,channel_rand_perm_4,RND_D,3,100,75.946,78.0423,76.15,220682,csplit_d256_seed3/stage1_results.json
earlier,cifar10,channel_split,gru,256,8,64,channel_rand_perm_4,RND_D,4,100,76.056,78.1745,76.28,220682,csplit_d256_seed4/stage1_results.json
earlier,cifar10,channel_split,gru,256,8,64,channel_same_perm_4,RND_S,0,100,75.7605,77.9051,75.83,220682,csplit_d256_seed0/stage1_results.json
earlier,cifar10,channel_split,gru,256,8,64,channel_same_perm_4,RND_S,1,100,75.19,77.0386,75.39,220682,csplit_d256_seed1/stage1_results.json
earlier,cifar10,channel_split,gru,256,8,64,channel_same_perm_4,RND_S,2,100,74.759,77.6638,74.82,220682,csplit_d256_seed2/stage1_results.json
earlier,cifar10,channel_split,gru,256,8,64,channel_same_perm_4,RND_S,3,100,75.8245,77.8332,75.96,220682,csplit_d256_seed3/stage1_results.json
earlier,cifar10,channel_split,gru,256,8,64,channel_same_perm_4,RND_S,4,100,75.529,77.6937,75.64,220682,csplit_d256_seed4/stage1_results.json
earlier,cifar10,channel_split,gru,64,16,256,channel_real_4dir,GEO_DIV,0,100,70.21,70.3047,70.29,17034,csplit_d64_seed0/stage1_results.json
earlier,cifar10,channel_split,gru,64,16,256,channel_real_4dir,GEO_DIV,1,100,71.2025,71.0409,71.11,17034,csplit_d64_seed1/stage1_results.json
earlier,cifar10,channel_split,gru,64,16,256,channel_real_4dir,GEO_DIV,2,100,70.586,70.1204,70.57,17034,csplit_d64_seed2/stage1_results.json
earlier,cifar10,channel_split,gru,64,16,256,channel_real_4dir,GEO_DIV,3,100,70.976,70.5338,71.09,17034,csplit_d64_seed3/stage1_results.json
earlier,cifar10,channel_split,gru,64,16,256,channel_real_4dir,GEO_DIV,4,100,71.166,70.4479,71.39,17034,csplit_d64_seed4/stage1_results.json
earlier,cifar10,channel_split,gru,64,16,256,channel_same_row_4,GEO_S,0,100,71.3065,70.122,71.34,17034,csplit_d64_seed0/stage1_results.json
earlier,cifar10,channel_split,gru,64,16,256,channel_same_row_4,GEO_S,1,100,70.964,70.4187,71.08,17034,csplit_d64_seed1/stage1_results.json
earlier,cifar10,channel_split,gru,64,16,256,channel_same_row_4,GEO_S,2,100,71.293,70.7026,71.49,17034,csplit_d64_seed2/stage1_results.json
earlier,cifar10,channel_split,gru,64,16,256,channel_same_row_4,GEO_S,3,100,72.373,71.0998,72.51,17034,csplit_d64_seed3/stage1_results.json
earlier,cifar10,channel_split,gru,64,16,256,channel_same_row_4,GEO_S,4,100,71.5375,70.3597,71.69,17034,csplit_d64_seed4/stage1_results.json
earlier,cifar10,channel_split,gru,64,16,256,channel_rand_perm_4,RND_D,0,100,65.1335,64.1098,65.46,17034,csplit_d64_seed0/stage1_results.json
earlier,cifar10,channel_split,gru,64,16,256,channel_rand_perm_4,RND_D,1,100,66.2435,65.1282,66.38,17034,csplit_d64_seed1/stage1_results.json
earlier,cifar10,channel_split,gru,64,16,256,channel_rand_perm_4,RND_D,2,100,65.446,64.9732,65.59,17034,csplit_d64_seed2/stage1_results.json
earlier,cifar10,channel_split,gru,64,16,256,channel_rand_perm_4,RND_D,3,100,66.2105,65.2387,66.26,17034,csplit_d64_seed3/stage1_results.json
earlier,cifar10,channel_split,gru,64,16,256,channel_rand_perm_4,RND_D,4,100,65.528,64.6158,65.68,17034,csplit_d64_seed4/stage1_results.json
earlier,cifar10,channel_split,gru,64,16,256,channel_same_perm_4,RND_S,0,100,64.9485,64.3963,65.11,17034,csplit_d64_seed0/stage1_results.json
earlier,cifar10,channel_split,gru,64,16,256,channel_same_perm_4,RND_S,1,100,66.886,65.1094,67.07,17034,csplit_d64_seed1/stage1_results.json
earlier,cifar10,channel_split,gru,64,16,256,channel_same_perm_4,RND_S,2,100,65.21,64.5233,65.42,17034,csplit_d64_seed2/stage1_results.json
earlier,cifar10,channel_split,gru,64,16,256,channel_same_perm_4,RND_S,3,100,66.443,65.3352,66.52,17034,csplit_d64_seed3/stage1_results.json
earlier,cifar10,channel_split,gru,64,16,256,channel_same_perm_4,RND_S,4,100,65.291,64.6262,65.44,17034,csplit_d64_seed4/stage1_results.json
earlier,cifar10,channel_split,gru,64,32,1024,channel_real_4dir,GEO_DIV,0,100,68.1585,68.7154,68.28,18506,csplit_d64_seed0/stage1_results.json
earlier,cifar10,channel_split,gru,64,32,1024,channel_real_4dir,GEO_DIV,1,100,68.1815,68.5816,68.31,18506,csplit_d64_seed1/stage1_results.json
earlier,cifar10,channel_split,gru,64,32,1024,channel_real_4dir,GEO_DIV,2,100,68.9165,69.438,69.03,18506,csplit_d64_seed2/stage1_results.json
earlier,cifar10,channel_split,gru,64,32,1024,channel_real_4dir,GEO_DIV,3,100,68.3595,69.0808,68.46,18506,csplit_d64_seed3/stage1_results.json
earlier,cifar10,channel_split,gru,64,32,1024,channel_real_4dir,GEO_DIV,4,100,69.103,69.6555,69.19,18506,csplit_d64_seed4/stage1_results.json
earlier,cifar10,channel_split,gru,64,32,1024,channel_same_row_4,GEO_S,0,100,66.212,65.6133,66.36,18506,csplit_d64_seed0/stage1_results.json
earlier,cifar10,channel_split,gru,64,32,1024,channel_same_row_4,GEO_S,1,100,65.2935,64.9345,65.46,18506,csplit_d64_seed1/stage1_results.json
earlier,cifar10,channel_split,gru,64,32,1024,channel_same_row_4,GEO_S,2,100,65.9195,65.5515,66.18,18506,csplit_d64_seed2/stage1_results.json
earlier,cifar10,channel_split,gru,64,32,1024,channel_same_row_4,GEO_S,3,100,65.3985,64.9875,65.57,18506,csplit_d64_seed3/stage1_results.json
earlier,cifar10,channel_split,gru,64,32,1024,channel_same_row_4,GEO_S,4,100,66.5225,66.141,66.53,18506,csplit_d64_seed4/stage1_results.json
earlier,cifar10,channel_split,gru,64,32,1024,channel_rand_perm_4,RND_D,0,100,58.001,57.8197,58.05,18506,csplit_d64_seed0/stage1_results.json
earlier,cifar10,channel_split,gru,64,32,1024,channel_rand_perm_4,RND_D,1,100,57.5685,56.9785,57.72,18506,csplit_d64_seed1/stage1_results.json
earlier,cifar10,channel_split,gru,64,32,1024,channel_rand_perm_4,RND_D,2,100,58.1675,57.631,58.16,18506,csplit_d64_seed2/stage1_results.json
earlier,cifar10,channel_split,gru,64,32,1024,channel_rand_perm_4,RND_D,3,100,57.793,57.2977,57.86,18506,csplit_d64_seed3/stage1_results.json
earlier,cifar10,channel_split,gru,64,32,1024,channel_rand_perm_4,RND_D,4,100,57.9815,57.8138,58.05,18506,csplit_d64_seed4/stage1_results.json
earlier,cifar10,channel_split,gru,64,32,1024,channel_same_perm_4,RND_S,0,100,57.937,57.5389,58.03,18506,csplit_d64_seed0/stage1_results.json
earlier,cifar10,channel_split,gru,64,32,1024,channel_same_perm_4,RND_S,1,100,57.617,57.0215,57.65,18506,csplit_d64_seed1/stage1_results.json
earlier,cifar10,channel_split,gru,64,32,1024,channel_same_perm_4,RND_S,2,100,58.082,57.6646,58.21,18506,csplit_d64_seed2/stage1_results.json
earlier,cifar10,channel_split,gru,64,32,1024,channel_same_perm_4,RND_S,3,100,57.851,57.3389,57.91,18506,csplit_d64_seed3/stage1_results.json
earlier,cifar10,channel_split,gru,64,32,1024,channel_same_perm_4,RND_S,4,100,57.967,57.7389,57.94,18506,csplit_d64_seed4/stage1_results.json
earlier,cifar10,channel_split,gru,64,8,64,channel_real_4dir,GEO_DIV,0,100,66.919,66.0266,67.05,18314,csplit_d64_seed0/stage1_results.json
earlier,cifar10,channel_split,gru,64,8,64,channel_real_4dir,GEO_DIV,1,100,68.5385,67.611,68.77,18314,csplit_d64_seed1/stage1_results.json
earlier,cifar10,channel_split,gru,64,8,64,channel_real_4dir,GEO_DIV,2,100,67.558,67.1673,67.58,18314,csplit_d64_seed2/stage1_results.json
earlier,cifar10,channel_split,gru,64,8,64,channel_real_4dir,GEO_DIV,3,100,67.561,66.8427,67.68,18314,csplit_d64_seed3/stage1_results.json
earlier,cifar10,channel_split,gru,64,8,64,channel_real_4dir,GEO_DIV,4,100,66.933,66.5259,67.07,18314,csplit_d64_seed4/stage1_results.json
earlier,cifar10,channel_split,gru,64,8,64,channel_same_row_4,GEO_S,0,100,67.9895,67.3539,68.15,18314,csplit_d64_seed0/stage1_results.json
earlier,cifar10,channel_split,gru,64,8,64,channel_same_row_4,GEO_S,1,100,68.784,68.2945,68.91,18314,csplit_d64_seed1/stage1_results.json
earlier,cifar10,channel_split,gru,64,8,64,channel_same_row_4,GEO_S,2,100,68.0665,67.1304,68.18,18314,csplit_d64_seed2/stage1_results.json
earlier,cifar10,channel_split,gru,64,8,64,channel_same_row_4,GEO_S,3,100,67.6355,66.7682,67.71,18314,csplit_d64_seed3/stage1_results.json
earlier,cifar10,channel_split,gru,64,8,64,channel_same_row_4,GEO_S,4,100,67.827,67.455,67.84,18314,csplit_d64_seed4/stage1_results.json
earlier,cifar10,channel_split,gru,64,8,64,channel_rand_perm_4,RND_D,0,100,64.102,63.2155,64.23,18314,csplit_d64_seed0/stage1_results.json
earlier,cifar10,channel_split,gru,64,8,64,channel_rand_perm_4,RND_D,1,100,64.998,64.3403,65.09,18314,csplit_d64_seed1/stage1_results.json
earlier,cifar10,channel_split,gru,64,8,64,channel_rand_perm_4,RND_D,2,100,64.565,63.9136,64.65,18314,csplit_d64_seed2/stage1_results.json
earlier,cifar10,channel_split,gru,64,8,64,channel_rand_perm_4,RND_D,3,100,64.221,63.0066,64.48,18314,csplit_d64_seed3/stage1_results.json
earlier,cifar10,channel_split,gru,64,8,64,channel_rand_perm_4,RND_D,4,100,64.624,63.6029,64.82,18314,csplit_d64_seed4/stage1_results.json
earlier,cifar10,channel_split,gru,64,8,64,channel_same_perm_4,RND_S,0,100,63.68,63.0515,63.84,18314,csplit_d64_seed0/stage1_results.json
earlier,cifar10,channel_split,gru,64,8,64,channel_same_perm_4,RND_S,1,100,64.8745,63.9876,64.97,18314,csplit_d64_seed1/stage1_results.json
earlier,cifar10,channel_split,gru,64,8,64,channel_same_perm_4,RND_S,2,100,64.4635,63.7802,64.62,18314,csplit_d64_seed2/stage1_results.json
earlier,cifar10,channel_split,gru,64,8,64,channel_same_perm_4,RND_S,3,100,62.7495,62.5363,62.84,18314,csplit_d64_seed3/stage1_results.json
earlier,cifar10,channel_split,gru,64,8,64,channel_same_perm_4,RND_S,4,100,63.999,63.2493,64.09,18314,csplit_d64_seed4/stage1_results.json
earlier,cifar10,channel_split,mamba,256,16,256,channel_real_4dir,GEO_DIV,0,100,82.261,92.4707,82.35,277002,csplit_d256_seed0/stage1_results.json
earlier,cifar10,channel_split,mamba,256,16,256,channel_real_4dir,GEO_DIV,1,100,82.276,92.7393,82.39,277002,csplit_d256_seed1/stage1_results.json
earlier,cifar10,channel_split,mamba,256,16,256,channel_real_4dir,GEO_DIV,2,100,82.292,92.7761,82.41,277002,csplit_d256_seed2/stage1_results.json
earlier,cifar10,channel_split,mamba,256,16,256,channel_real_4dir,GEO_DIV,3,100,82.0675,93.0307,82.06,277002,csplit_d256_seed3/stage1_results.json
earlier,cifar10,channel_split,mamba,256,16,256,channel_real_4dir,GEO_DIV,4,100,82.4615,93.3081,82.64,277002,csplit_d256_seed4/stage1_results.json
earlier,cifar10,channel_split,mamba,256,16,256,channel_same_row_4,GEO_S,0,100,81.795,93.0463,81.91,277002,csplit_d256_seed0/stage1_results.json
earlier,cifar10,channel_split,mamba,256,16,256,channel_same_row_4,GEO_S,1,100,81.6985,92.3319,81.78,277002,csplit_d256_seed1/stage1_results.json
earlier,cifar10,channel_split,mamba,256,16,256,channel_same_row_4,GEO_S,2,100,81.55,93.008,81.57,277002,csplit_d256_seed2/stage1_results.json
earlier,cifar10,channel_split,mamba,256,16,256,channel_same_row_4,GEO_S,3,100,81.806,92.3023,81.83,277002,csplit_d256_seed3/stage1_results.json
earlier,cifar10,channel_split,mamba,256,16,256,channel_same_row_4,GEO_S,4,100,81.6235,92.4427,81.64,277002,csplit_d256_seed4/stage1_results.json
earlier,cifar10,channel_split,mamba,256,16,256,channel_rand_perm_4,RND_D,0,100,75.821,83.5486,75.93,277002,csplit_d256_seed0/stage1_results.json
earlier,cifar10,channel_split,mamba,256,16,256,channel_rand_perm_4,RND_D,1,100,75.8735,83.632,76.02,277002,csplit_d256_seed1/stage1_results.json
earlier,cifar10,channel_split,mamba,256,16,256,channel_rand_perm_4,RND_D,2,100,75.914,83.6581,76.08,277002,csplit_d256_seed2/stage1_results.json
earlier,cifar10,channel_split,mamba,256,16,256,channel_rand_perm_4,RND_D,3,100,75.2305,82.7483,75.26,277002,csplit_d256_seed3/stage1_results.json
earlier,cifar10,channel_split,mamba,256,16,256,channel_rand_perm_4,RND_D,4,100,75.434,83.5452,75.57,277002,csplit_d256_seed4/stage1_results.json
earlier,cifar10,channel_split,mamba,256,16,256,channel_same_perm_4,RND_S,0,100,75.227,82.9405,75.31,277002,csplit_d256_seed0/stage1_results.json
earlier,cifar10,channel_split,mamba,256,16,256,channel_same_perm_4,RND_S,1,100,75.3745,83.3468,75.4,277002,csplit_d256_seed1/stage1_results.json
earlier,cifar10,channel_split,mamba,256,16,256,channel_same_perm_4,RND_S,2,100,75.9115,83.6701,76.07,277002,csplit_d256_seed2/stage1_results.json
earlier,cifar10,channel_split,mamba,256,16,256,channel_same_perm_4,RND_S,3,100,75.792,82.7952,75.88,277002,csplit_d256_seed3/stage1_results.json
earlier,cifar10,channel_split,mamba,256,16,256,channel_same_perm_4,RND_S,4,100,75.273,83.5284,75.32,277002,csplit_d256_seed4/stage1_results.json
earlier,cifar10,channel_split,mamba,256,32,1024,channel_real_4dir,GEO_DIV,0,100,80.356,92.52,80.32,282890,csplit_d256_seed0/stage1_results.json
earlier,cifar10,channel_split,mamba,256,32,1024,channel_real_4dir,GEO_DIV,1,100,80.364,92.8655,80.45,282890,csplit_d256_seed1/stage1_results.json
earlier,cifar10,channel_split,mamba,256,32,1024,channel_real_4dir,GEO_DIV,2,100,79.865,92.3441,79.95,282890,csplit_d256_seed2/stage1_results.json
earlier,cifar10,channel_split,mamba,256,32,1024,channel_real_4dir,GEO_DIV,3,100,80.318,92.8193,80.42,282890,csplit_d256_seed3/stage1_results.json
earlier,cifar10,channel_split,mamba,256,32,1024,channel_real_4dir,GEO_DIV,4,100,79.665,92.1867,79.74,282890,csplit_d256_seed4/stage1_results.json
earlier,cifar10,channel_split,mamba,256,32,1024,channel_same_row_4,GEO_S,0,100,76.3695,92.5386,76.51,282890,csplit_d256_seed0/stage1_results.json
earlier,cifar10,channel_split,mamba,256,32,1024,channel_same_row_4,GEO_S,1,100,76.759,92.0488,76.8,282890,csplit_d256_seed1/stage1_results.json
earlier,cifar10,channel_split,mamba,256,32,1024,channel_same_row_4,GEO_S,2,100,75.628,90.9031,75.65,282890,csplit_d256_seed2/stage1_results.json
earlier,cifar10,channel_split,mamba,256,32,1024,channel_same_row_4,GEO_S,3,100,76.265,91.4431,76.32,282890,csplit_d256_seed3/stage1_results.json
earlier,cifar10,channel_split,mamba,256,32,1024,channel_same_row_4,GEO_S,4,100,76.923,92.0047,77.01,282890,csplit_d256_seed4/stage1_results.json
earlier,cifar10,channel_split,mamba,256,32,1024,channel_rand_perm_4,RND_D,0,100,64.8065,76.5117,64.87,282890,csplit_d256_seed0/stage1_results.json
earlier,cifar10,channel_split,mamba,256,32,1024,channel_rand_perm_4,RND_D,1,100,64.1655,75.1708,64.16,282890,csplit_d256_seed1/stage1_results.json
earlier,cifar10,channel_split,mamba,256,32,1024,channel_rand_perm_4,RND_D,2,100,64.6215,77.9427,64.49,282890,csplit_d256_seed2/stage1_results.json
earlier,cifar10,channel_split,mamba,256,32,1024,channel_rand_perm_4,RND_D,3,100,65.0295,75.7178,65.14,282890,csplit_d256_seed3/stage1_results.json
earlier,cifar10,channel_split,mamba,256,32,1024,channel_rand_perm_4,RND_D,4,100,64.5995,75.4539,64.54,282890,csplit_d256_seed4/stage1_results.json
earlier,cifar10,channel_split,mamba,256,32,1024,channel_same_perm_4,RND_S,0,100,64.062,75.7218,64.08,282890,csplit_d256_seed0/stage1_results.json
earlier,cifar10,channel_split,mamba,256,32,1024,channel_same_perm_4,RND_S,1,100,63.9215,74.7945,63.96,282890,csplit_d256_seed1/stage1_results.json
earlier,cifar10,channel_split,mamba,256,32,1024,channel_same_perm_4,RND_S,2,100,64.4345,77.4341,64.45,282890,csplit_d256_seed2/stage1_results.json
earlier,cifar10,channel_split,mamba,256,32,1024,channel_same_perm_4,RND_S,3,100,64.3855,75.55,64.4,282890,csplit_d256_seed3/stage1_results.json
earlier,cifar10,channel_split,mamba,256,32,1024,channel_same_perm_4,RND_S,4,100,65.8595,75.6192,65.83,282890,csplit_d256_seed4/stage1_results.json
earlier,cifar10,channel_split,mamba,256,8,64,channel_real_4dir,GEO_DIV,0,100,81.526,90.0113,81.66,282122,csplit_d256_seed0/stage1_results.json
earlier,cifar10,channel_split,mamba,256,8,64,channel_real_4dir,GEO_DIV,1,100,82.2855,90.3719,82.41,282122,csplit_d256_seed1/stage1_results.json
earlier,cifar10,channel_split,mamba,256,8,64,channel_real_4dir,GEO_DIV,2,100,81.7095,90.1887,81.81,282122,csplit_d256_seed2/stage1_results.json
earlier,cifar10,channel_split,mamba,256,8,64,channel_real_4dir,GEO_DIV,3,100,81.6405,90.3567,81.76,282122,csplit_d256_seed3/stage1_results.json
earlier,cifar10,channel_split,mamba,256,8,64,channel_real_4dir,GEO_DIV,4,100,82.199,90.7693,82.27,282122,csplit_d256_seed4/stage1_results.json
earlier,cifar10,channel_split,mamba,256,8,64,channel_same_row_4,GEO_S,0,100,81.9155,90.3102,82.14,282122,csplit_d256_seed0/stage1_results.json
earlier,cifar10,channel_split,mamba,256,8,64,channel_same_row_4,GEO_S,1,100,81.693,89.8307,81.86,282122,csplit_d256_seed1/stage1_results.json
earlier,cifar10,channel_split,mamba,256,8,64,channel_same_row_4,GEO_S,2,100,81.2115,89.9051,81.39,282122,csplit_d256_seed2/stage1_results.json
earlier,cifar10,channel_split,mamba,256,8,64,channel_same_row_4,GEO_S,3,100,81.156,90.6019,81.21,282122,csplit_d256_seed3/stage1_results.json
earlier,cifar10,channel_split,mamba,256,8,64,channel_same_row_4,GEO_S,4,100,81.7785,90.9668,81.74,282122,csplit_d256_seed4/stage1_results.json
earlier,cifar10,channel_split,mamba,256,8,64,channel_rand_perm_4,RND_D,0,100,77.5795,82.8939,77.66,282122,csplit_d256_seed0/stage1_results.json
earlier,cifar10,channel_split,mamba,256,8,64,channel_rand_perm_4,RND_D,1,100,77.5015,82.8628,77.65,282122,csplit_d256_seed1/stage1_results.json
earlier,cifar10,channel_split,mamba,256,8,64,channel_rand_perm_4,RND_D,2,100,78.217,83.591,78.36,282122,csplit_d256_seed2/stage1_results.json
earlier,cifar10,channel_split,mamba,256,8,64,channel_rand_perm_4,RND_D,3,100,78.145,83.5153,78.23,282122,csplit_d256_seed3/stage1_results.json
earlier,cifar10,channel_split,mamba,256,8,64,channel_rand_perm_4,RND_D,4,100,78.179,83.4039,78.37,282122,csplit_d256_seed4/stage1_results.json
earlier,cifar10,channel_split,mamba,256,8,64,channel_same_perm_4,RND_S,0,100,77.603,82.9084,77.83,282122,csplit_d256_seed0/stage1_results.json
earlier,cifar10,channel_split,mamba,256,8,64,channel_same_perm_4,RND_S,1,100,77.5655,82.9413,77.59,282122,csplit_d256_seed1/stage1_results.json
earlier,cifar10,channel_split,mamba,256,8,64,channel_same_perm_4,RND_S,2,100,78.3815,82.6753,78.5,282122,csplit_d256_seed2/stage1_results.json
earlier,cifar10,channel_split,mamba,256,8,64,channel_same_perm_4,RND_S,3,100,78.578,83.3895,78.74,282122,csplit_d256_seed3/stage1_results.json
earlier,cifar10,channel_split,mamba,256,8,64,channel_same_perm_4,RND_S,4,100,78.336,83.1786,78.38,282122,csplit_d256_seed4/stage1_results.json
earlier,cifar10,channel_split,mamba,64,16,256,channel_real_4dir,GEO_DIV,0,100,73.2605,74.1866,73.4,30858,csplit_d64_seed0/stage1_results.json
earlier,cifar10,channel_split,mamba,64,16,256,channel_real_4dir,GEO_DIV,1,100,72.9875,73.7826,73.1,30858,csplit_d64_seed1/stage1_results.json
earlier,cifar10,channel_split,mamba,64,16,256,channel_real_4dir,GEO_DIV,2,100,74.3115,74.3953,74.48,30858,csplit_d64_seed2/stage1_results.json
earlier,cifar10,channel_split,mamba,64,16,256,channel_real_4dir,GEO_DIV,3,100,73.4745,74.4004,73.56,30858,csplit_d64_seed3/stage1_results.json
earlier,cifar10,channel_split,mamba,64,16,256,channel_real_4dir,GEO_DIV,4,100,72.2895,73.1295,72.56,30858,csplit_d64_seed4/stage1_results.json
earlier,cifar10,channel_split,mamba,64,16,256,channel_same_row_4,GEO_S,0,100,73.224,74.2469,73.41,30858,csplit_d64_seed0/stage1_results.json
earlier,cifar10,channel_split,mamba,64,16,256,channel_same_row_4,GEO_S,1,100,72.8315,73.8046,72.89,30858,csplit_d64_seed1/stage1_results.json
earlier,cifar10,channel_split,mamba,64,16,256,channel_same_row_4,GEO_S,2,100,73.2845,73.7304,73.4,30858,csplit_d64_seed2/stage1_results.json
earlier,cifar10,channel_split,mamba,64,16,256,channel_same_row_4,GEO_S,3,100,72.8325,73.804,72.94,30858,csplit_d64_seed3/stage1_results.json
earlier,cifar10,channel_split,mamba,64,16,256,channel_same_row_4,GEO_S,4,100,73.905,73.7783,74.02,30858,csplit_d64_seed4/stage1_results.json
earlier,cifar10,channel_split,mamba,64,16,256,channel_rand_perm_4,RND_D,0,100,66.898,67.1773,66.96,30858,csplit_d64_seed0/stage1_results.json
earlier,cifar10,channel_split,mamba,64,16,256,channel_rand_perm_4,RND_D,1,100,67.4695,67.5195,67.65,30858,csplit_d64_seed1/stage1_results.json
earlier,cifar10,channel_split,mamba,64,16,256,channel_rand_perm_4,RND_D,2,100,67.7295,67.7341,67.92,30858,csplit_d64_seed2/stage1_results.json
earlier,cifar10,channel_split,mamba,64,16,256,channel_rand_perm_4,RND_D,3,100,67.236,67.4082,67.35,30858,csplit_d64_seed3/stage1_results.json
earlier,cifar10,channel_split,mamba,64,16,256,channel_rand_perm_4,RND_D,4,100,66.7605,67.0198,66.9,30858,csplit_d64_seed4/stage1_results.json
earlier,cifar10,channel_split,mamba,64,16,256,channel_same_perm_4,RND_S,0,100,67.053,67.1337,67.25,30858,csplit_d64_seed0/stage1_results.json
earlier,cifar10,channel_split,mamba,64,16,256,channel_same_perm_4,RND_S,1,100,67.361,67.5746,67.44,30858,csplit_d64_seed1/stage1_results.json
earlier,cifar10,channel_split,mamba,64,16,256,channel_same_perm_4,RND_S,2,100,67.5975,67.5046,67.75,30858,csplit_d64_seed2/stage1_results.json
earlier,cifar10,channel_split,mamba,64,16,256,channel_same_perm_4,RND_S,3,100,67.3695,67.2635,67.67,30858,csplit_d64_seed3/stage1_results.json
earlier,cifar10,channel_split,mamba,64,16,256,channel_same_perm_4,RND_S,4,100,66.8895,67.0285,67.14,30858,csplit_d64_seed4/stage1_results.json
earlier,cifar10,channel_split,mamba,64,32,1024,channel_real_4dir,GEO_DIV,0,100,71.9595,72.456,72.12,32330,csplit_d64_seed0/stage1_results.json
earlier,cifar10,channel_split,mamba,64,32,1024,channel_real_4dir,GEO_DIV,1,100,71.0415,71.9395,71.27,32330,csplit_d64_seed1/stage1_results.json
earlier,cifar10,channel_split,mamba,64,32,1024,channel_real_4dir,GEO_DIV,2,100,70.5495,71.7293,70.68,32330,csplit_d64_seed2/stage1_results.json
earlier,cifar10,channel_split,mamba,64,32,1024,channel_real_4dir,GEO_DIV,3,100,71.7065,72.4949,71.76,32330,csplit_d64_seed3/stage1_results.json
earlier,cifar10,channel_split,mamba,64,32,1024,channel_real_4dir,GEO_DIV,4,100,70.989,72.2115,71.09,32330,csplit_d64_seed4/stage1_results.json
earlier,cifar10,channel_split,mamba,64,32,1024,channel_same_row_4,GEO_S,0,100,68.724,69.9294,68.8,32330,csplit_d64_seed0/stage1_results.json
earlier,cifar10,channel_split,mamba,64,32,1024,channel_same_row_4,GEO_S,1,100,68.502,69.8701,68.66,32330,csplit_d64_seed1/stage1_results.json
earlier,cifar10,channel_split,mamba,64,32,1024,channel_same_row_4,GEO_S,2,100,68.711,69.9335,68.8,32330,csplit_d64_seed2/stage1_results.json
earlier,cifar10,channel_split,mamba,64,32,1024,channel_same_row_4,GEO_S,3,100,69.534,70.543,69.69,32330,csplit_d64_seed3/stage1_results.json
earlier,cifar10,channel_split,mamba,64,32,1024,channel_same_row_4,GEO_S,4,100,68.7695,70.1575,68.92,32330,csplit_d64_seed4/stage1_results.json
earlier,cifar10,channel_split,mamba,64,32,1024,channel_rand_perm_4,RND_D,0,100,57.494,58.027,57.6,32330,csplit_d64_seed0/stage1_results.json
earlier,cifar10,channel_split,mamba,64,32,1024,channel_rand_perm_4,RND_D,1,100,57.3715,57.9041,57.42,32330,csplit_d64_seed1/stage1_results.json
earlier,cifar10,channel_split,mamba,64,32,1024,channel_rand_perm_4,RND_D,2,100,57.513,57.5248,57.57,32330,csplit_d64_seed2/stage1_results.json
earlier,cifar10,channel_split,mamba,64,32,1024,channel_rand_perm_4,RND_D,3,100,58.606,58.885,58.74,32330,csplit_d64_seed3/stage1_results.json
earlier,cifar10,channel_split,mamba,64,32,1024,channel_rand_perm_4,RND_D,4,100,58.192,58.2563,58.36,32330,csplit_d64_seed4/stage1_results.json
earlier,cifar10,channel_split,mamba,64,32,1024,channel_same_perm_4,RND_S,0,100,57.4665,57.788,57.62,32330,csplit_d64_seed0/stage1_results.json
earlier,cifar10,channel_split,mamba,64,32,1024,channel_same_perm_4,RND_S,1,100,57.6125,57.846,57.66,32330,csplit_d64_seed1/stage1_results.json
earlier,cifar10,channel_split,mamba,64,32,1024,channel_same_perm_4,RND_S,2,100,57.575,57.7915,57.62,32330,csplit_d64_seed2/stage1_results.json
earlier,cifar10,channel_split,mamba,64,32,1024,channel_same_perm_4,RND_S,3,100,58.3395,59.0323,58.47,32330,csplit_d64_seed3/stage1_results.json
earlier,cifar10,channel_split,mamba,64,32,1024,channel_same_perm_4,RND_S,4,100,57.7555,58.4833,57.83,32330,csplit_d64_seed4/stage1_results.json
earlier,cifar10,channel_split,mamba,64,8,64,channel_real_4dir,GEO_DIV,0,100,71.2355,71.7371,71.39,32138,csplit_d64_seed0/stage1_results.json
earlier,cifar10,channel_split,mamba,64,8,64,channel_real_4dir,GEO_DIV,1,100,72.2295,72.6202,72.3,32138,csplit_d64_seed1/stage1_results.json
earlier,cifar10,channel_split,mamba,64,8,64,channel_real_4dir,GEO_DIV,2,100,70.291,70.9679,70.49,32138,csplit_d64_seed2/stage1_results.json
earlier,cifar10,channel_split,mamba,64,8,64,channel_real_4dir,GEO_DIV,3,100,71.099,71.4718,71.25,32138,csplit_d64_seed3/stage1_results.json
earlier,cifar10,channel_split,mamba,64,8,64,channel_real_4dir,GEO_DIV,4,100,71.0905,71.4193,71.16,32138,csplit_d64_seed4/stage1_results.json
earlier,cifar10,channel_split,mamba,64,8,64,channel_same_row_4,GEO_S,0,100,71.132,71.6698,71.18,32138,csplit_d64_seed0/stage1_results.json
earlier,cifar10,channel_split,mamba,64,8,64,channel_same_row_4,GEO_S,1,100,71.296,72.3569,71.36,32138,csplit_d64_seed1/stage1_results.json
earlier,cifar10,channel_split,mamba,64,8,64,channel_same_row_4,GEO_S,2,100,71.5085,72.1658,71.62,32138,csplit_d64_seed2/stage1_results.json
earlier,cifar10,channel_split,mamba,64,8,64,channel_same_row_4,GEO_S,3,100,71.637,72.3826,71.71,32138,csplit_d64_seed3/stage1_results.json
earlier,cifar10,channel_split,mamba,64,8,64,channel_same_row_4,GEO_S,4,100,71.4315,71.8831,71.59,32138,csplit_d64_seed4/stage1_results.json
earlier,cifar10,channel_split,mamba,64,8,64,channel_rand_perm_4,RND_D,0,100,67.5235,67.0867,67.67,32138,csplit_d64_seed0/stage1_results.json
earlier,cifar10,channel_split,mamba,64,8,64,channel_rand_perm_4,RND_D,1,100,67.509,67.7683,67.64,32138,csplit_d64_seed1/stage1_results.json
earlier,cifar10,channel_split,mamba,64,8,64,channel_rand_perm_4,RND_D,2,100,67.7695,67.4958,67.85,32138,csplit_d64_seed2/stage1_results.json
earlier,cifar10,channel_split,mamba,64,8,64,channel_rand_perm_4,RND_D,3,100,68.028,67.8021,68.16,32138,csplit_d64_seed3/stage1_results.json
earlier,cifar10,channel_split,mamba,64,8,64,channel_rand_perm_4,RND_D,4,100,67.421,67.5066,67.6,32138,csplit_d64_seed4/stage1_results.json
earlier,cifar10,channel_split,mamba,64,8,64,channel_same_perm_4,RND_S,0,100,67.131,67.0871,67.22,32138,csplit_d64_seed0/stage1_results.json
earlier,cifar10,channel_split,mamba,64,8,64,channel_same_perm_4,RND_S,1,100,66.889,67.1212,66.99,32138,csplit_d64_seed1/stage1_results.json
earlier,cifar10,channel_split,mamba,64,8,64,channel_same_perm_4,RND_S,2,100,68.285,67.8644,68.39,32138,csplit_d64_seed2/stage1_results.json
earlier,cifar10,channel_split,mamba,64,8,64,channel_same_perm_4,RND_S,3,100,68.6185,68.3186,68.81,32138,csplit_d64_seed3/stage1_results.json
earlier,cifar10,channel_split,mamba,64,8,64,channel_same_perm_4,RND_S,4,100,68.039,67.7089,68.19,32138,csplit_d64_seed4/stage1_results.json
earlier,cifar100,channel_split,gru,256,16,256,channel_real_4dir,GEO_DIV,0,100,57.1115,71.2154,57.28,238692,csplit_c100_d256_seed0/stage1_results.json
earlier,cifar100,channel_split,gru,256,16,256,channel_real_4dir,GEO_DIV,1,100,57.671,71.6756,57.88,238692,csplit_c100_d256_seed1/stage1_results.json
earlier,cifar100,channel_split,gru,256,16,256,channel_real_4dir,GEO_DIV,2,100,56.6855,70.0335,56.79,238692,csplit_c100_d256_seed2/stage1_results.json
earlier,cifar100,channel_split,gru,256,16,256,channel_real_4dir,GEO_DIV,3,100,56.696,70.8104,56.81,238692,csplit_c100_d256_seed3/stage1_results.json
earlier,cifar100,channel_split,gru,256,16,256,channel_real_4dir,GEO_DIV,4,100,56.4925,70.1618,56.54,238692,csplit_c100_d256_seed4/stage1_results.json
earlier,cifar100,channel_split,gru,256,16,256,channel_same_row_4,GEO_S,0,100,56.4785,71.478,56.67,238692,csplit_c100_d256_seed0/stage1_results.json
earlier,cifar100,channel_split,gru,256,16,256,channel_same_row_4,GEO_S,1,100,56.2935,71.4978,56.51,238692,csplit_c100_d256_seed1/stage1_results.json
earlier,cifar100,channel_split,gru,256,16,256,channel_same_row_4,GEO_S,2,100,56.103,71.3631,56.15,238692,csplit_c100_d256_seed2/stage1_results.json
earlier,cifar100,channel_split,gru,256,16,256,channel_same_row_4,GEO_S,3,100,56.6095,72.0277,56.62,238692,csplit_c100_d256_seed3/stage1_results.json
earlier,cifar100,channel_split,gru,256,16,256,channel_same_row_4,GEO_S,4,100,56.8315,70.7739,56.93,238692,csplit_c100_d256_seed4/stage1_results.json
earlier,cifar100,channel_split,gru,256,16,256,channel_rand_perm_4,RND_D,0,100,50.817,62.4266,51.07,238692,csplit_c100_d256_seed0/stage1_results.json
earlier,cifar100,channel_split,gru,256,16,256,channel_rand_perm_4,RND_D,1,100,50.3025,61.5641,50.38,238692,csplit_c100_d256_seed1/stage1_results.json
earlier,cifar100,channel_split,gru,256,16,256,channel_rand_perm_4,RND_D,2,100,51.468,62.0671,51.56,238692,csplit_c100_d256_seed2/stage1_results.json
earlier,cifar100,channel_split,gru,256,16,256,channel_rand_perm_4,RND_D,3,100,51.033,62.5234,51.18,238692,csplit_c100_d256_seed3/stage1_results.json
earlier,cifar100,channel_split,gru,256,16,256,channel_rand_perm_4,RND_D,4,100,50.68,62.836,50.76,238692,csplit_c100_d256_seed4/stage1_results.json
earlier,cifar100,channel_split,gru,256,16,256,channel_same_perm_4,RND_S,0,100,51.3605,62.3912,51.61,238692,csplit_c100_d256_seed0/stage1_results.json
earlier,cifar100,channel_split,gru,256,16,256,channel_same_perm_4,RND_S,1,100,50.2045,61.5053,50.28,238692,csplit_c100_d256_seed1/stage1_results.json
earlier,cifar100,channel_split,gru,256,16,256,channel_same_perm_4,RND_S,2,100,50.8375,62.0965,50.94,238692,csplit_c100_d256_seed2/stage1_results.json
earlier,cifar100,channel_split,gru,256,16,256,channel_same_perm_4,RND_S,3,100,50.148,62.2547,50.19,238692,csplit_c100_d256_seed3/stage1_results.json
earlier,cifar100,channel_split,gru,256,16,256,channel_same_perm_4,RND_S,4,100,51.4265,62.7089,51.51,238692,csplit_c100_d256_seed4/stage1_results.json
earlier,cifar100,channel_split,gru,256,32,1024,channel_real_4dir,GEO_DIV,0,100,54.3665,71.9375,54.42,244580,csplit_c100_d256_seed0/stage1_results.json
earlier,cifar100,channel_split,gru,256,32,1024,channel_real_4dir,GEO_DIV,1,100,54.1755,72.1406,54.09,244580,csplit_c100_d256_seed1/stage1_results.json
earlier,cifar100,channel_split,gru,256,32,1024,channel_real_4dir,GEO_DIV,2,100,54.6085,72.6857,54.62,244580,csplit_c100_d256_seed2/stage1_results.json
earlier,cifar100,channel_split,gru,256,32,1024,channel_real_4dir,GEO_DIV,3,100,54.7385,72.6744,54.8,244580,csplit_c100_d256_seed3/stage1_results.json
earlier,cifar100,channel_split,gru,256,32,1024,channel_real_4dir,GEO_DIV,4,100,54.837,71.1418,55.02,244580,csplit_c100_d256_seed4/stage1_results.json
earlier,cifar100,channel_split,gru,256,32,1024,channel_same_row_4,GEO_S,0,100,50.2555,67.0233,50.38,244580,csplit_c100_d256_seed0/stage1_results.json
earlier,cifar100,channel_split,gru,256,32,1024,channel_same_row_4,GEO_S,1,100,50.8695,68.4042,50.96,244580,csplit_c100_d256_seed1/stage1_results.json
earlier,cifar100,channel_split,gru,256,32,1024,channel_same_row_4,GEO_S,2,100,50.688,68.3903,50.75,244580,csplit_c100_d256_seed2/stage1_results.json
earlier,cifar100,channel_split,gru,256,32,1024,channel_same_row_4,GEO_S,3,100,51.0655,68.8996,51.17,244580,csplit_c100_d256_seed3/stage1_results.json
earlier,cifar100,channel_split,gru,256,32,1024,channel_same_row_4,GEO_S,4,100,50.536,66.57,50.6,244580,csplit_c100_d256_seed4/stage1_results.json
earlier,cifar100,channel_split,gru,256,32,1024,channel_rand_perm_4,RND_D,0,100,39.8265,57.6583,39.93,244580,csplit_c100_d256_seed0/stage1_results.json
earlier,cifar100,channel_split,gru,256,32,1024,channel_rand_perm_4,RND_D,1,100,39.6595,57.1364,39.71,244580,csplit_c100_d256_seed1/stage1_results.json
earlier,cifar100,channel_split,gru,256,32,1024,channel_rand_perm_4,RND_D,2,100,40.1615,57.4653,40.23,244580,csplit_c100_d256_seed2/stage1_results.json
earlier,cifar100,channel_split,gru,256,32,1024,channel_rand_perm_4,RND_D,3,100,39.9235,56.3559,40.05,244580,csplit_c100_d256_seed3/stage1_results.json
earlier,cifar100,channel_split,gru,256,32,1024,channel_rand_perm_4,RND_D,4,100,40.3595,57.7599,40.42,244580,csplit_c100_d256_seed4/stage1_results.json
earlier,cifar100,channel_split,gru,256,32,1024,channel_same_perm_4,RND_S,0,100,39.7125,57.4924,39.64,244580,csplit_c100_d256_seed0/stage1_results.json
earlier,cifar100,channel_split,gru,256,32,1024,channel_same_perm_4,RND_S,1,100,39.4205,57.1623,39.42,244580,csplit_c100_d256_seed1/stage1_results.json
earlier,cifar100,channel_split,gru,256,32,1024,channel_same_perm_4,RND_S,2,100,39.9065,57.5036,39.93,244580,csplit_c100_d256_seed2/stage1_results.json
earlier,cifar100,channel_split,gru,256,32,1024,channel_same_perm_4,RND_S,3,100,39.959,56.1918,40.03,244580,csplit_c100_d256_seed3/stage1_results.json
earlier,cifar100,channel_split,gru,256,32,1024,channel_same_perm_4,RND_S,4,100,40.1545,57.7181,40.17,244580,csplit_c100_d256_seed4/stage1_results.json
earlier,cifar100,channel_split,gru,256,8,64,channel_real_4dir,GEO_DIV,0,100,53.874,65.3206,53.94,243812,csplit_c100_d256_seed0/stage1_results.json
earlier,cifar100,channel_split,gru,256,8,64,channel_real_4dir,GEO_DIV,1,100,54.755,65.8019,54.73,243812,csplit_c100_d256_seed1/stage1_results.json
earlier,cifar100,channel_split,gru,256,8,64,channel_real_4dir,GEO_DIV,2,100,53.9605,65.0084,54.05,243812,csplit_c100_d256_seed2/stage1_results.json
earlier,cifar100,channel_split,gru,256,8,64,channel_real_4dir,GEO_DIV,3,100,53.926,64.7111,53.99,243812,csplit_c100_d256_seed3/stage1_results.json
earlier,cifar100,channel_split,gru,256,8,64,channel_real_4dir,GEO_DIV,4,100,54.114,64.5403,54.14,243812,csplit_c100_d256_seed4/stage1_results.json
earlier,cifar100,channel_split,gru,256,8,64,channel_same_row_4,GEO_S,0,100,53.5535,65.3822,53.63,243812,csplit_c100_d256_seed0/stage1_results.json
earlier,cifar100,channel_split,gru,256,8,64,channel_same_row_4,GEO_S,1,100,53.7305,65.8086,53.93,243812,csplit_c100_d256_seed1/stage1_results.json
earlier,cifar100,channel_split,gru,256,8,64,channel_same_row_4,GEO_S,2,100,53.853,65.9364,53.97,243812,csplit_c100_d256_seed2/stage1_results.json
earlier,cifar100,channel_split,gru,256,8,64,channel_same_row_4,GEO_S,3,100,53.2155,64.9905,53.29,243812,csplit_c100_d256_seed3/stage1_results.json
earlier,cifar100,channel_split,gru,256,8,64,channel_same_row_4,GEO_S,4,100,53.8475,65.8208,53.86,243812,csplit_c100_d256_seed4/stage1_results.json
earlier,cifar100,channel_split,gru,256,8,64,channel_rand_perm_4,RND_D,0,100,49.4925,57.8117,49.48,243812,csplit_c100_d256_seed0/stage1_results.json
earlier,cifar100,channel_split,gru,256,8,64,channel_rand_perm_4,RND_D,1,100,49.677,57.0833,49.81,243812,csplit_c100_d256_seed1/stage1_results.json
earlier,cifar100,channel_split,gru,256,8,64,channel_rand_perm_4,RND_D,2,100,49.5365,57.7705,49.69,243812,csplit_c100_d256_seed2/stage1_results.json
earlier,cifar100,channel_split,gru,256,8,64,channel_rand_perm_4,RND_D,3,100,49.5385,57.1089,49.7,243812,csplit_c100_d256_seed3/stage1_results.json
earlier,cifar100,channel_split,gru,256,8,64,channel_rand_perm_4,RND_D,4,100,49.956,57.129,50.08,243812,csplit_c100_d256_seed4/stage1_results.json
earlier,cifar100,channel_split,gru,256,8,64,channel_same_perm_4,RND_S,0,100,49.365,57.7565,49.55,243812,csplit_c100_d256_seed0/stage1_results.json
earlier,cifar100,channel_split,gru,256,8,64,channel_same_perm_4,RND_S,1,100,48.636,56.7458,48.76,243812,csplit_c100_d256_seed1/stage1_results.json
earlier,cifar100,channel_split,gru,256,8,64,channel_same_perm_4,RND_S,2,100,50.056,57.87,50.21,243812,csplit_c100_d256_seed2/stage1_results.json
earlier,cifar100,channel_split,gru,256,8,64,channel_same_perm_4,RND_S,3,100,48.76,56.7917,48.88,243812,csplit_c100_d256_seed3/stage1_results.json
earlier,cifar100,channel_split,gru,256,8,64,channel_same_perm_4,RND_S,4,100,49.876,56.9762,49.99,243812,csplit_c100_d256_seed4/stage1_results.json
earlier,cifar100,channel_split,mamba,256,16,256,channel_real_4dir,GEO_DIV,0,100,56.3025,77.9059,56.35,300132,csplit_c100_d256_seed0/stage1_results.json
earlier,cifar100,channel_split,mamba,256,16,256,channel_real_4dir,GEO_DIV,1,100,57.8715,77.9797,57.95,300132,csplit_c100_d256_seed1/stage1_results.json
earlier,cifar100,channel_split,mamba,256,16,256,channel_real_4dir,GEO_DIV,2,100,56.7385,78.6057,56.74,300132,csplit_c100_d256_seed2/stage1_results.json
earlier,cifar100,channel_split,mamba,256,16,256,channel_real_4dir,GEO_DIV,3,100,56.907,78.75,57.0,300132,csplit_c100_d256_seed3/stage1_results.json
earlier,cifar100,channel_split,mamba,256,16,256,channel_real_4dir,GEO_DIV,4,100,56.809,79.0368,56.96,300132,csplit_c100_d256_seed4/stage1_results.json
earlier,cifar100,channel_split,mamba,256,16,256,channel_same_row_4,GEO_S,0,100,54.9365,80.4742,54.99,300132,csplit_c100_d256_seed0/stage1_results.json
earlier,cifar100,channel_split,mamba,256,16,256,channel_same_row_4,GEO_S,1,100,55.7615,77.7446,55.8,300132,csplit_c100_d256_seed1/stage1_results.json
earlier,cifar100,channel_split,mamba,256,16,256,channel_same_row_4,GEO_S,2,100,54.9455,79.1378,54.99,300132,csplit_c100_d256_seed2/stage1_results.json
earlier,cifar100,channel_split,mamba,256,16,256,channel_same_row_4,GEO_S,3,100,55.333,78.598,55.26,300132,csplit_c100_d256_seed3/stage1_results.json
earlier,cifar100,channel_split,mamba,256,16,256,channel_same_row_4,GEO_S,4,100,55.064,79.6958,55.1,300132,csplit_c100_d256_seed4/stage1_results.json
earlier,cifar100,channel_split,mamba,256,16,256,channel_rand_perm_4,RND_D,0,100,48.5985,65.534,48.57,300132,csplit_c100_d256_seed0/stage1_results.json
earlier,cifar100,channel_split,mamba,256,16,256,channel_rand_perm_4,RND_D,1,100,49.4745,66.0111,49.57,300132,csplit_c100_d256_seed1/stage1_results.json
earlier,cifar100,channel_split,mamba,256,16,256,channel_rand_perm_4,RND_D,2,100,48.206,66.9785,48.28,300132,csplit_c100_d256_seed2/stage1_results.json
earlier,cifar100,channel_split,mamba,256,16,256,channel_rand_perm_4,RND_D,3,100,48.661,66.2642,48.66,300132,csplit_c100_d256_seed3/stage1_results.json
earlier,cifar100,channel_split,mamba,256,16,256,channel_rand_perm_4,RND_D,4,100,49.249,66.4364,49.22,300132,csplit_c100_d256_seed4/stage1_results.json
earlier,cifar100,channel_split,mamba,256,16,256,channel_same_perm_4,RND_S,0,100,48.4785,65.6493,48.58,300132,csplit_c100_d256_seed0/stage1_results.json
earlier,cifar100,channel_split,mamba,256,16,256,channel_same_perm_4,RND_S,1,100,49.248,66.3527,49.33,300132,csplit_c100_d256_seed1/stage1_results.json
earlier,cifar100,channel_split,mamba,256,16,256,channel_same_perm_4,RND_S,2,100,48.0925,66.6446,48.07,300132,csplit_c100_d256_seed2/stage1_results.json
earlier,cifar100,channel_split,mamba,256,16,256,channel_same_perm_4,RND_S,3,100,48.723,66.636,48.69,300132,csplit_c100_d256_seed3/stage1_results.json
earlier,cifar100,channel_split,mamba,256,16,256,channel_same_perm_4,RND_S,4,100,49.614,65.9563,49.78,300132,csplit_c100_d256_seed4/stage1_results.json
earlier,cifar100,channel_split,mamba,256,32,1024,channel_real_4dir,GEO_DIV,0,100,54.3835,78.8608,54.54,306020,csplit_c100_d256_seed0/stage1_results.json
earlier,cifar100,channel_split,mamba,256,32,1024,channel_real_4dir,GEO_DIV,1,100,54.91,77.8394,54.95,306020,csplit_c100_d256_seed1/stage1_results.json
earlier,cifar100,channel_split,mamba,256,32,1024,channel_real_4dir,GEO_DIV,2,100,53.754,76.8756,53.87,306020,csplit_c100_d256_seed2/stage1_results.json
earlier,cifar100,channel_split,mamba,256,32,1024,channel_real_4dir,GEO_DIV,3,100,54.587,77.4672,54.58,306020,csplit_c100_d256_seed3/stage1_results.json
earlier,cifar100,channel_split,mamba,256,32,1024,channel_real_4dir,GEO_DIV,4,100,54.3775,77.4201,54.38,306020,csplit_c100_d256_seed4/stage1_results.json
earlier,cifar100,channel_split,mamba,256,32,1024,channel_same_row_4,GEO_S,0,100,49.1065,76.1596,49.1,306020,csplit_c100_d256_seed0/stage1_results.json
earlier,cifar100,channel_split,mamba,256,32,1024,channel_same_row_4,GEO_S,1,100,49.715,76.7156,49.74,306020,csplit_c100_d256_seed1/stage1_results.json
earlier,cifar100,channel_split,mamba,256,32,1024,channel_same_row_4,GEO_S,2,100,49.047,76.7075,49.11,306020,csplit_c100_d256_seed2/stage1_results.json
earlier,cifar100,channel_split,mamba,256,32,1024,channel_same_row_4,GEO_S,3,100,49.4415,76.3822,49.5,306020,csplit_c100_d256_seed3/stage1_results.json
earlier,cifar100,channel_split,mamba,256,32,1024,channel_same_row_4,GEO_S,4,100,50.5485,76.0182,50.59,306020,csplit_c100_d256_seed4/stage1_results.json
earlier,cifar100,channel_split,mamba,256,32,1024,channel_rand_perm_4,RND_D,0,100,37.5275,58.2272,37.63,306020,csplit_c100_d256_seed0/stage1_results.json
earlier,cifar100,channel_split,mamba,256,32,1024,channel_rand_perm_4,RND_D,1,100,38.2905,58.9985,38.24,306020,csplit_c100_d256_seed1/stage1_results.json
earlier,cifar100,channel_split,mamba,256,32,1024,channel_rand_perm_4,RND_D,2,100,37.999,58.0601,38.01,306020,csplit_c100_d256_seed2/stage1_results.json
earlier,cifar100,channel_split,mamba,256,32,1024,channel_rand_perm_4,RND_D,3,100,37.5335,58.2527,37.62,306020,csplit_c100_d256_seed3/stage1_results.json
earlier,cifar100,channel_split,mamba,256,32,1024,channel_rand_perm_4,RND_D,4,100,37.297,58.4668,37.33,306020,csplit_c100_d256_seed4/stage1_results.json
earlier,cifar100,channel_split,mamba,256,32,1024,channel_same_perm_4,RND_S,0,100,37.599,58.0824,37.61,306020,csplit_c100_d256_seed0/stage1_results.json
earlier,cifar100,channel_split,mamba,256,32,1024,channel_same_perm_4,RND_S,1,100,37.8295,59.3293,37.89,306020,csplit_c100_d256_seed1/stage1_results.json
earlier,cifar100,channel_split,mamba,256,32,1024,channel_same_perm_4,RND_S,2,100,37.8325,57.8203,37.82,306020,csplit_c100_d256_seed2/stage1_results.json
earlier,cifar100,channel_split,mamba,256,32,1024,channel_same_perm_4,RND_S,3,100,37.6275,58.2689,37.58,306020,csplit_c100_d256_seed3/stage1_results.json
earlier,cifar100,channel_split,mamba,256,32,1024,channel_same_perm_4,RND_S,4,100,37.072,57.7338,37.12,306020,csplit_c100_d256_seed4/stage1_results.json
earlier,cifar100,channel_split,mamba,256,8,64,channel_real_4dir,GEO_DIV,0,100,56.4535,73.8017,56.41,305252,csplit_c100_d256_seed0/stage1_results.json
earlier,cifar100,channel_split,mamba,256,8,64,channel_real_4dir,GEO_DIV,1,100,55.792,73.4626,55.79,305252,csplit_c100_d256_seed1/stage1_results.json
earlier,cifar100,channel_split,mamba,256,8,64,channel_real_4dir,GEO_DIV,2,100,55.537,72.4273,55.57,305252,csplit_c100_d256_seed2/stage1_results.json
earlier,cifar100,channel_split,mamba,256,8,64,channel_real_4dir,GEO_DIV,3,100,55.397,72.3058,55.36,305252,csplit_c100_d256_seed3/stage1_results.json
earlier,cifar100,channel_split,mamba,256,8,64,channel_real_4dir,GEO_DIV,4,100,54.794,72.7723,54.92,305252,csplit_c100_d256_seed4/stage1_results.json
earlier,cifar100,channel_split,mamba,256,8,64,channel_same_row_4,GEO_S,0,100,55.8735,74.2305,55.98,305252,csplit_c100_d256_seed0/stage1_results.json
earlier,cifar100,channel_split,mamba,256,8,64,channel_same_row_4,GEO_S,1,100,54.516,74.8975,54.58,305252,csplit_c100_d256_seed1/stage1_results.json
earlier,cifar100,channel_split,mamba,256,8,64,channel_same_row_4,GEO_S,2,100,54.381,74.2122,54.35,305252,csplit_c100_d256_seed2/stage1_results.json
earlier,cifar100,channel_split,mamba,256,8,64,channel_same_row_4,GEO_S,3,100,54.5205,73.5465,54.59,305252,csplit_c100_d256_seed3/stage1_results.json
earlier,cifar100,channel_split,mamba,256,8,64,channel_same_row_4,GEO_S,4,100,54.665,75.1116,54.68,305252,csplit_c100_d256_seed4/stage1_results.json
earlier,cifar100,channel_split,mamba,256,8,64,channel_rand_perm_4,RND_D,0,100,50.6035,64.4132,50.62,305252,csplit_c100_d256_seed0/stage1_results.json
earlier,cifar100,channel_split,mamba,256,8,64,channel_rand_perm_4,RND_D,1,100,50.9635,65.9973,51.05,305252,csplit_c100_d256_seed1/stage1_results.json
earlier,cifar100,channel_split,mamba,256,8,64,channel_rand_perm_4,RND_D,2,100,50.2505,63.9906,50.29,305252,csplit_c100_d256_seed2/stage1_results.json
earlier,cifar100,channel_split,mamba,256,8,64,channel_rand_perm_4,RND_D,3,100,50.1275,64.8483,50.3,305252,csplit_c100_d256_seed3/stage1_results.json
earlier,cifar100,channel_split,mamba,256,8,64,channel_rand_perm_4,RND_D,4,100,50.8825,65.636,50.97,305252,csplit_c100_d256_seed4/stage1_results.json
earlier,cifar100,channel_split,mamba,256,8,64,channel_same_perm_4,RND_S,0,100,50.936,65.2421,50.93,305252,csplit_c100_d256_seed0/stage1_results.json
earlier,cifar100,channel_split,mamba,256,8,64,channel_same_perm_4,RND_S,1,100,51.257,65.3861,51.28,305252,csplit_c100_d256_seed1/stage1_results.json
earlier,cifar100,channel_split,mamba,256,8,64,channel_same_perm_4,RND_S,2,100,50.5135,63.5817,50.59,305252,csplit_c100_d256_seed2/stage1_results.json
earlier,cifar100,channel_split,mamba,256,8,64,channel_same_perm_4,RND_S,3,100,50.567,65.0936,50.6,305252,csplit_c100_d256_seed3/stage1_results.json
earlier,cifar100,channel_split,mamba,256,8,64,channel_same_perm_4,RND_S,4,100,51.3735,65.032,51.43,305252,csplit_c100_d256_seed4/stage1_results.json
main,cifar10,channel_split,gru,256,32,1024,GEO_DIV,GEO_DIV,0,100,75.959,93.7458,76.12,221450,p0b_cifar10_main_uniform_gru_GEO_DIV_R_high_seed0/metadata.json
main,cifar10,channel_split,gru,256,32,1024,GEO_DIV,GEO_DIV,1,100,75.86,94.2735,76.04,221450,p0b_cifar10_main_uniform_gru_GEO_DIV_R_high_seed1/metadata.json
main,cifar10,channel_split,gru,256,32,1024,GEO_DIV,GEO_DIV,2,100,76.6219,93.7627,76.82,221450,p0b_cifar10_main_uniform_gru_GEO_DIV_R_high_seed2/metadata.json
main,cifar10,channel_split,gru,256,32,1024,GEO_DIV,GEO_DIV,3,100,76.1857,93.5594,76.12,221450,p0b_cifar10_main_uniform_gru_GEO_DIV_R_high_seed3/metadata.json
main,cifar10,channel_split,gru,256,32,1024,GEO_SG1,GEO_S,0,100,72.9781,89.9099,73.0,221450,p0b_cifar10_main_uniform_gru_GEO_SG1_R_high_seed0/metadata.json
main,cifar10,channel_split,gru,256,32,1024,GEO_SG1,GEO_S,1,100,72.9124,90.3659,72.88,221450,p0b_cifar10_main_uniform_gru_GEO_SG1_R_high_seed1/metadata.json
main,cifar10,channel_split,gru,256,32,1024,GEO_SG1,GEO_S,2,100,72.7867,89.8593,72.84,221450,p0b_cifar10_main_uniform_gru_GEO_SG1_R_high_seed2/metadata.json
main,cifar10,channel_split,gru,256,32,1024,GEO_SG1,GEO_S,3,100,72.3657,89.3562,72.56,221450,p0b_cifar10_main_uniform_gru_GEO_SG1_R_high_seed3/metadata.json
main,cifar10,channel_split,gru,256,32,1024,GEO_SG2,GEO_S,0,100,73.6781,91.633,73.66,221450,p0b_cifar10_main_uniform_gru_GEO_SG2_R_high_seed0/metadata.json
main,cifar10,channel_split,gru,256,32,1024,GEO_SG2,GEO_S,1,100,72.8752,90.6167,72.82,221450,p0b_cifar10_main_uniform_gru_GEO_SG2_R_high_seed1/metadata.json
main,cifar10,channel_split,gru,256,32,1024,GEO_SG2,GEO_S,2,100,73.6933,90.6411,73.78,221450,p0b_cifar10_main_uniform_gru_GEO_SG2_R_high_seed2/metadata.json
main,cifar10,channel_split,gru,256,32,1024,GEO_SG2,GEO_S,3,100,72.679,90.7752,72.72,221450,p0b_cifar10_main_uniform_gru_GEO_SG2_R_high_seed3/metadata.json
main,cifar10,channel_split,gru,256,32,1024,GEO_SG3,GEO_S,0,100,71.68,89.1297,71.74,221450,p0b_cifar10_main_uniform_gru_GEO_SG3_R_high_seed0/metadata.json
main,cifar10,channel_split,gru,256,32,1024,GEO_SG3,GEO_S,1,100,70.6343,90.268,70.56,221450,p0b_cifar10_main_uniform_gru_GEO_SG3_R_high_seed1/metadata.json
main,cifar10,channel_split,gru,256,32,1024,GEO_SG3,GEO_S,2,100,70.9914,90.6079,71.06,221450,p0b_cifar10_main_uniform_gru_GEO_SG3_R_high_seed2/metadata.json
main,cifar10,channel_split,gru,256,32,1024,GEO_SG3,GEO_S,3,100,71.359,90.4077,71.5,221450,p0b_cifar10_main_uniform_gru_GEO_SG3_R_high_seed3/metadata.json
main,cifar10,channel_split,gru,256,32,1024,GEO_SG4,GEO_S,0,100,70.4314,90.2477,70.3,221450,p0b_cifar10_main_uniform_gru_GEO_SG4_R_high_seed0/metadata.json
main,cifar10,channel_split,gru,256,32,1024,GEO_SG4,GEO_S,1,100,70.2667,90.257,70.14,221450,p0b_cifar10_main_uniform_gru_GEO_SG4_R_high_seed1/metadata.json
main,cifar10,channel_split,gru,256,32,1024,GEO_SG4,GEO_S,2,100,70.2619,90.5912,70.14,221450,p0b_cifar10_main_uniform_gru_GEO_SG4_R_high_seed2/metadata.json
main,cifar10,channel_split,gru,256,32,1024,GEO_SG4,GEO_S,3,100,70.5467,90.7448,70.56,221450,p0b_cifar10_main_uniform_gru_GEO_SG4_R_high_seed3/metadata.json
main,cifar10,channel_split,gru,256,32,1024,LOC_D,LOC_D,0,100,73.2505,81.9627,73.38,221450,p0b_cifar10_main_uniform_gru_LOC_D_R_high_seed0/metadata.json
main,cifar10,channel_split,gru,256,32,1024,LOC_D,LOC_D,1,100,72.1848,82.5397,72.28,221450,p0b_cifar10_main_uniform_gru_LOC_D_R_high_seed1/metadata.json
main,cifar10,channel_split,gru,256,32,1024,LOC_D,LOC_D,2,100,72.9286,83.0973,73.06,221450,p0b_cifar10_main_uniform_gru_LOC_D_R_high_seed2/metadata.json
main,cifar10,channel_split,gru,256,32,1024,LOC_D,LOC_D,3,100,72.4324,82.9357,72.58,221450,p0b_cifar10_main_uniform_gru_LOC_D_R_high_seed3/metadata.json
main,cifar10,channel_split,gru,256,32,1024,LOC_S,LOC_S,0,100,70.0638,80.1727,70.3,221450,p0b_cifar10_main_uniform_gru_LOC_S_R_high_seed0/metadata.json
main,cifar10,channel_split,gru,256,32,1024,LOC_S,LOC_S,1,100,70.4648,81.875,70.32,221450,p0b_cifar10_main_uniform_gru_LOC_S_R_high_seed1/metadata.json
main,cifar10,channel_split,gru,256,32,1024,LOC_S,LOC_S,2,100,69.0476,79.2065,69.26,221450,p0b_cifar10_main_uniform_gru_LOC_S_R_high_seed2/metadata.json
main,cifar10,channel_split,gru,256,32,1024,LOC_S,LOC_S,3,100,69.9924,79.6602,70.08,221450,p0b_cifar10_main_uniform_gru_LOC_S_R_high_seed3/metadata.json
main,cifar10,channel_split,gru,256,32,1024,RND_D1,RND_D,0,100,65.8314,75.105,66.06,221450,p0b_cifar10_main_uniform_gru_RND_D1_R_high_seed0/metadata.json
main,cifar10,channel_split,gru,256,32,1024,RND_D1,RND_D,1,100,66.2571,76.3104,66.2,221450,p0b_cifar10_main_uniform_gru_RND_D1_R_high_seed1/metadata.json
main,cifar10,channel_split,gru,256,32,1024,RND_D1,RND_D,2,100,65.3771,76.941,65.48,221450,p0b_cifar10_main_uniform_gru_RND_D1_R_high_seed2/metadata.json
main,cifar10,channel_split,gru,256,32,1024,RND_D1,RND_D,3,100,65.4667,75.9669,65.44,221450,p0b_cifar10_main_uniform_gru_RND_D1_R_high_seed3/metadata.json
main,cifar10,channel_split,gru,256,32,1024,RND_D2,RND_D,0,100,65.4095,75.1749,65.5,221450,p0b_cifar10_main_uniform_gru_RND_D2_R_high_seed0/metadata.json
main,cifar10,channel_split,gru,256,32,1024,RND_D2,RND_D,1,100,65.079,76.4306,64.92,221450,p0b_cifar10_main_uniform_gru_RND_D2_R_high_seed1/metadata.json
main,cifar10,channel_split,gru,256,32,1024,RND_D2,RND_D,2,100,65.1552,76.8425,65.18,221450,p0b_cifar10_main_uniform_gru_RND_D2_R_high_seed2/metadata.json
main,cifar10,channel_split,gru,256,32,1024,RND_D2,RND_D,3,100,64.9562,75.672,64.96,221450,p0b_cifar10_main_uniform_gru_RND_D2_R_high_seed3/metadata.json
main,cifar10,channel_split,gru,256,32,1024,RND_D3,RND_D,0,100,65.5495,74.907,65.76,221450,p0b_cifar10_main_uniform_gru_RND_D3_R_high_seed0/metadata.json
main,cifar10,channel_split,gru,256,32,1024,RND_D3,RND_D,1,100,65.0829,76.4791,65.02,221450,p0b_cifar10_main_uniform_gru_RND_D3_R_high_seed1/metadata.json
main,cifar10,channel_split,gru,256,32,1024,RND_D3,RND_D,2,100,65.4457,77.0294,65.22,221450,p0b_cifar10_main_uniform_gru_RND_D3_R_high_seed2/metadata.json
main,cifar10,channel_split,gru,256,32,1024,RND_D3,RND_D,3,100,65.179,75.8428,65.34,221450,p0b_cifar10_main_uniform_gru_RND_D3_R_high_seed3/metadata.json
main,cifar10,channel_split,gru,256,32,1024,RND_S1,RND_S,0,100,65.5143,75.7648,65.42,221450,p0b_cifar10_main_uniform_gru_RND_S1_R_high_seed0/metadata.json
main,cifar10,channel_split,gru,256,32,1024,RND_S1,RND_S,1,100,65.3933,75.9915,65.42,221450,p0b_cifar10_main_uniform_gru_RND_S1_R_high_seed1/metadata.json
main,cifar10,channel_split,gru,256,32,1024,RND_S1,RND_S,2,100,65.9543,77.0628,65.92,221450,p0b_cifar10_main_uniform_gru_RND_S1_R_high_seed2/metadata.json
main,cifar10,channel_split,gru,256,32,1024,RND_S1,RND_S,3,100,64.981,76.0238,65.12,221450,p0b_cifar10_main_uniform_gru_RND_S1_R_high_seed3/metadata.json
main,cifar10,channel_split,gru,256,32,1024,RND_S2,RND_S,0,100,65.1552,75.11,65.3,221450,p0b_cifar10_main_uniform_gru_RND_S2_R_high_seed0/metadata.json
main,cifar10,channel_split,gru,256,32,1024,RND_S2,RND_S,1,100,65.5733,76.3895,65.7,221450,p0b_cifar10_main_uniform_gru_RND_S2_R_high_seed1/metadata.json
main,cifar10,channel_split,gru,256,32,1024,RND_S2,RND_S,2,100,65.5276,76.8588,65.4,221450,p0b_cifar10_main_uniform_gru_RND_S2_R_high_seed2/metadata.json
main,cifar10,channel_split,gru,256,32,1024,RND_S2,RND_S,3,100,64.6581,75.9561,64.64,221450,p0b_cifar10_main_uniform_gru_RND_S2_R_high_seed3/metadata.json
main,cifar10,channel_split,gru,256,32,1024,RND_S3,RND_S,0,100,65.2114,75.4374,65.26,221450,p0b_cifar10_main_uniform_gru_RND_S3_R_high_seed0/metadata.json
main,cifar10,channel_split,gru,256,32,1024,RND_S3,RND_S,1,100,65.9124,76.3637,66.0,221450,p0b_cifar10_main_uniform_gru_RND_S3_R_high_seed1/metadata.json
main,cifar10,channel_split,gru,256,32,1024,RND_S3,RND_S,2,100,65.4933,76.6552,65.48,221450,p0b_cifar10_main_uniform_gru_RND_S3_R_high_seed2/metadata.json
main,cifar10,channel_split,gru,256,32,1024,RND_S3,RND_S,3,100,65.001,75.9745,64.92,221450,p0b_cifar10_main_uniform_gru_RND_S3_R_high_seed3/metadata.json
main,cifar10,channel_split,gru,256,8,64,GEO_DIV,GEO_DIV,0,100,79.9838,88.8791,80.06,220682,p0b_cifar10_main_uniform_gru_GEO_DIV_R_low_seed0/metadata.json
main,cifar10,channel_split,gru,256,8,64,GEO_DIV,GEO_DIV,1,100,79.8029,89.1487,79.94,220682,p0b_cifar10_main_uniform_gru_GEO_DIV_R_low_seed1/metadata.json
main,cifar10,channel_split,gru,256,8,64,GEO_DIV,GEO_DIV,2,100,79.7371,89.1905,79.82,220682,p0b_cifar10_main_uniform_gru_GEO_DIV_R_low_seed2/metadata.json
main,cifar10,channel_split,gru,256,8,64,GEO_DIV,GEO_DIV,3,100,79.761,89.4079,79.92,220682,p0b_cifar10_main_uniform_gru_GEO_DIV_R_low_seed3/metadata.json
main,cifar10,channel_split,gru,256,8,64,GEO_SG1,GEO_S,0,100,78.8438,87.3234,78.92,220682,p0b_cifar10_main_uniform_gru_GEO_SG1_R_low_seed0/metadata.json
main,cifar10,channel_split,gru,256,8,64,GEO_SG1,GEO_S,1,100,78.4752,87.4601,78.64,220682,p0b_cifar10_main_uniform_gru_GEO_SG1_R_low_seed1/metadata.json
main,cifar10,channel_split,gru,256,8,64,GEO_SG1,GEO_S,2,100,78.899,87.5041,79.02,220682,p0b_cifar10_main_uniform_gru_GEO_SG1_R_low_seed2/metadata.json
main,cifar10,channel_split,gru,256,8,64,GEO_SG1,GEO_S,3,100,79.08,88.2024,79.02,220682,p0b_cifar10_main_uniform_gru_GEO_SG1_R_low_seed3/metadata.json
main,cifar10,channel_split,gru,256,8,64,GEO_SG2,GEO_S,0,100,77.841,87.3293,77.94,220682,p0b_cifar10_main_uniform_gru_GEO_SG2_R_low_seed0/metadata.json
main,cifar10,channel_split,gru,256,8,64,GEO_SG2,GEO_S,1,100,78.6048,86.9784,78.8,220682,p0b_cifar10_main_uniform_gru_GEO_SG2_R_low_seed1/metadata.json
main,cifar10,channel_split,gru,256,8,64,GEO_SG2,GEO_S,2,100,79.0029,87.9025,79.16,220682,p0b_cifar10_main_uniform_gru_GEO_SG2_R_low_seed2/metadata.json
main,cifar10,channel_split,gru,256,8,64,GEO_SG2,GEO_S,3,100,78.7562,88.1089,78.9,220682,p0b_cifar10_main_uniform_gru_GEO_SG2_R_low_seed3/metadata.json
main,cifar10,channel_split,gru,256,8,64,GEO_SG3,GEO_S,0,100,78.1124,87.4834,78.26,220682,p0b_cifar10_main_uniform_gru_GEO_SG3_R_low_seed0/metadata.json
main,cifar10,channel_split,gru,256,8,64,GEO_SG3,GEO_S,1,100,78.4905,87.2137,78.48,220682,p0b_cifar10_main_uniform_gru_GEO_SG3_R_low_seed1/metadata.json
main,cifar10,channel_split,gru,256,8,64,GEO_SG3,GEO_S,2,100,78.2048,87.7566,78.26,220682,p0b_cifar10_main_uniform_gru_GEO_SG3_R_low_seed2/metadata.json
main,cifar10,channel_split,gru,256,8,64,GEO_SG3,GEO_S,3,100,78.5648,88.3191,78.56,220682,p0b_cifar10_main_uniform_gru_GEO_SG3_R_low_seed3/metadata.json
main,cifar10,channel_split,gru,256,8,64,GEO_SG4,GEO_S,0,100,77.9886,86.9429,78.2,220682,p0b_cifar10_main_uniform_gru_GEO_SG4_R_low_seed0/metadata.json
main,cifar10,channel_split,gru,256,8,64,GEO_SG4,GEO_S,1,100,78.1714,87.3025,78.38,220682,p0b_cifar10_main_uniform_gru_GEO_SG4_R_low_seed1/metadata.json
main,cifar10,channel_split,gru,256,8,64,GEO_SG4,GEO_S,2,100,78.1638,87.8685,78.32,220682,p0b_cifar10_main_uniform_gru_GEO_SG4_R_low_seed2/metadata.json
main,cifar10,channel_split,gru,256,8,64,GEO_SG4,GEO_S,3,100,78.7286,88.0548,78.92,220682,p0b_cifar10_main_uniform_gru_GEO_SG4_R_low_seed3/metadata.json
main,cifar10,channel_split,gru,256,8,64,LOC_D,LOC_D,0,100,78.6581,84.5393,78.76,220682,p0b_cifar10_main_uniform_gru_LOC_D_R_low_seed0/metadata.json
main,cifar10,channel_split,gru,256,8,64,LOC_D,LOC_D,1,100,78.1095,84.1947,78.42,220682,p0b_cifar10_main_uniform_gru_LOC_D_R_low_seed1/metadata.json
main,cifar10,channel_split,gru,256,8,64,LOC_D,LOC_D,2,100,78.3495,84.5052,78.5,220682,p0b_cifar10_main_uniform_gru_LOC_D_R_low_seed2/metadata.json
main,cifar10,channel_split,gru,256,8,64,LOC_D,LOC_D,3,100,78.5667,84.4463,78.58,220682,p0b_cifar10_main_uniform_gru_LOC_D_R_low_seed3/metadata.json
main,cifar10,channel_split,gru,256,8,64,LOC_S,LOC_S,0,100,77.1162,83.2997,77.18,220682,p0b_cifar10_main_uniform_gru_LOC_S_R_low_seed0/metadata.json
main,cifar10,channel_split,gru,256,8,64,LOC_S,LOC_S,1,100,77.7067,82.9522,78.0,220682,p0b_cifar10_main_uniform_gru_LOC_S_R_low_seed1/metadata.json
main,cifar10,channel_split,gru,256,8,64,LOC_S,LOC_S,2,100,77.3905,82.556,77.54,220682,p0b_cifar10_main_uniform_gru_LOC_S_R_low_seed2/metadata.json
main,cifar10,channel_split,gru,256,8,64,LOC_S,LOC_S,3,100,77.239,82.7867,77.38,220682,p0b_cifar10_main_uniform_gru_LOC_S_R_low_seed3/metadata.json
main,cifar10,channel_split,gru,256,8,64,RND_D1,RND_D,0,100,75.1714,78.2555,75.46,220682,p0b_cifar10_main_uniform_gru_RND_D1_R_low_seed0/metadata.json
main,cifar10,channel_split,gru,256,8,64,RND_D1,RND_D,1,100,74.7514,77.8804,74.92,220682,p0b_cifar10_main_uniform_gru_RND_D1_R_low_seed1/metadata.json
main,cifar10,channel_split,gru,256,8,64,RND_D1,RND_D,2,100,74.5629,78.0872,74.86,220682,p0b_cifar10_main_uniform_gru_RND_D1_R_low_seed2/metadata.json
main,cifar10,channel_split,gru,256,8,64,RND_D1,RND_D,3,100,75.5124,78.9327,75.72,220682,p0b_cifar10_main_uniform_gru_RND_D1_R_low_seed3/metadata.json
main,cifar10,channel_split,gru,256,8,64,RND_D2,RND_D,0,100,75.4095,78.2357,75.48,220682,p0b_cifar10_main_uniform_gru_RND_D2_R_low_seed0/metadata.json
main,cifar10,channel_split,gru,256,8,64,RND_D2,RND_D,1,100,74.6667,78.096,74.78,220682,p0b_cifar10_main_uniform_gru_RND_D2_R_low_seed1/metadata.json
main,cifar10,channel_split,gru,256,8,64,RND_D2,RND_D,2,100,74.9333,78.4397,75.14,220682,p0b_cifar10_main_uniform_gru_RND_D2_R_low_seed2/metadata.json
main,cifar10,channel_split,gru,256,8,64,RND_D2,RND_D,3,100,75.239,78.7178,75.46,220682,p0b_cifar10_main_uniform_gru_RND_D2_R_low_seed3/metadata.json
main,cifar10,channel_split,gru,256,8,64,RND_D3,RND_D,0,100,75.0667,77.895,75.12,220682,p0b_cifar10_main_uniform_gru_RND_D3_R_low_seed0/metadata.json
main,cifar10,channel_split,gru,256,8,64,RND_D3,RND_D,1,100,73.8724,77.7815,73.96,220682,p0b_cifar10_main_uniform_gru_RND_D3_R_low_seed1/metadata.json
main,cifar10,channel_split,gru,256,8,64,RND_D3,RND_D,2,100,73.9762,78.0757,74.1,220682,p0b_cifar10_main_uniform_gru_RND_D3_R_low_seed2/metadata.json
main,cifar10,channel_split,gru,256,8,64,RND_D3,RND_D,3,100,74.6219,78.2849,74.8,220682,p0b_cifar10_main_uniform_gru_RND_D3_R_low_seed3/metadata.json
main,cifar10,channel_split,gru,256,8,64,RND_S1,RND_S,0,100,74.2543,77.6014,74.4,220682,p0b_cifar10_main_uniform_gru_RND_S1_R_low_seed0/metadata.json
main,cifar10,channel_split,gru,256,8,64,RND_S1,RND_S,1,100,74.4752,77.4236,74.62,220682,p0b_cifar10_main_uniform_gru_RND_S1_R_low_seed1/metadata.json
main,cifar10,channel_split,gru,256,8,64,RND_S1,RND_S,2,100,73.8581,77.9759,74.08,220682,p0b_cifar10_main_uniform_gru_RND_S1_R_low_seed2/metadata.json
main,cifar10,channel_split,gru,256,8,64,RND_S1,RND_S,3,100,74.6943,78.4504,74.98,220682,p0b_cifar10_main_uniform_gru_RND_S1_R_low_seed3/metadata.json
main,cifar10,channel_split,gru,256,8,64,RND_S2,RND_S,0,100,75.1333,77.9434,75.34,220682,p0b_cifar10_main_uniform_gru_RND_S2_R_low_seed0/metadata.json
main,cifar10,channel_split,gru,256,8,64,RND_S2,RND_S,1,100,74.0829,77.1961,74.22,220682,p0b_cifar10_main_uniform_gru_RND_S2_R_low_seed1/metadata.json
main,cifar10,channel_split,gru,256,8,64,RND_S2,RND_S,2,100,75.1781,78.2203,75.38,220682,p0b_cifar10_main_uniform_gru_RND_S2_R_low_seed2/metadata.json
main,cifar10,channel_split,gru,256,8,64,RND_S2,RND_S,3,100,75.18,78.2061,75.38,220682,p0b_cifar10_main_uniform_gru_RND_S2_R_low_seed3/metadata.json
main,cifar10,channel_split,gru,256,8,64,RND_S3,RND_S,0,100,73.8448,77.2387,73.92,220682,p0b_cifar10_main_uniform_gru_RND_S3_R_low_seed0/metadata.json
main,cifar10,channel_split,gru,256,8,64,RND_S3,RND_S,1,100,74.119,77.4679,74.28,220682,p0b_cifar10_main_uniform_gru_RND_S3_R_low_seed1/metadata.json
main,cifar10,channel_split,gru,256,8,64,RND_S3,RND_S,2,100,74.4648,77.2527,74.7,220682,p0b_cifar10_main_uniform_gru_RND_S3_R_low_seed2/metadata.json
main,cifar10,channel_split,gru,256,8,64,RND_S3,RND_S,3,100,75.3619,78.2704,75.54,220682,p0b_cifar10_main_uniform_gru_RND_S3_R_low_seed3/metadata.json
main,cifar10,channel_split,mamba,256,32,1024,GEO_DIV,GEO_DIV,0,100,76.6667,96.9597,76.76,282890,p0b_cifar10_main_uniform_mamba_GEO_DIV_R_high_seed0/metadata.json
main,cifar10,channel_split,mamba,256,32,1024,GEO_DIV,GEO_DIV,1,100,77.9305,97.053,78.0,282890,p0b_cifar10_main_uniform_mamba_GEO_DIV_R_high_seed1/metadata.json
main,cifar10,channel_split,mamba,256,32,1024,GEO_DIV,GEO_DIV,2,100,77.5448,96.4865,77.36,282890,p0b_cifar10_main_uniform_mamba_GEO_DIV_R_high_seed2/metadata.json
main,cifar10,channel_split,mamba,256,32,1024,GEO_DIV,GEO_DIV,3,100,77.0048,96.9788,77.06,282890,p0b_cifar10_main_uniform_mamba_GEO_DIV_R_high_seed3/metadata.json
main,cifar10,channel_split,mamba,256,32,1024,GEO_SG1,GEO_S,0,100,74.4143,96.4077,74.58,282890,p0b_cifar10_main_uniform_mamba_GEO_SG1_R_high_seed0/metadata.json
main,cifar10,channel_split,mamba,256,32,1024,GEO_SG1,GEO_S,1,100,74.1714,96.3836,73.96,282890,p0b_cifar10_main_uniform_mamba_GEO_SG1_R_high_seed1/metadata.json
main,cifar10,channel_split,mamba,256,32,1024,GEO_SG1,GEO_S,2,100,73.3619,94.5041,73.38,282890,p0b_cifar10_main_uniform_mamba_GEO_SG1_R_high_seed2/metadata.json
main,cifar10,channel_split,mamba,256,32,1024,GEO_SG1,GEO_S,3,100,73.4057,95.2856,73.46,282890,p0b_cifar10_main_uniform_mamba_GEO_SG1_R_high_seed3/metadata.json
main,cifar10,channel_split,mamba,256,32,1024,GEO_SG2,GEO_S,0,100,73.5362,96.3853,73.64,282890,p0b_cifar10_main_uniform_mamba_GEO_SG2_R_high_seed0/metadata.json
main,cifar10,channel_split,mamba,256,32,1024,GEO_SG2,GEO_S,1,100,74.1229,95.2472,74.04,282890,p0b_cifar10_main_uniform_mamba_GEO_SG2_R_high_seed1/metadata.json
main,cifar10,channel_split,mamba,256,32,1024,GEO_SG2,GEO_S,2,100,73.0162,96.1522,73.06,282890,p0b_cifar10_main_uniform_mamba_GEO_SG2_R_high_seed2/metadata.json
main,cifar10,channel_split,mamba,256,32,1024,GEO_SG2,GEO_S,3,100,73.7714,96.8807,73.8,282890,p0b_cifar10_main_uniform_mamba_GEO_SG2_R_high_seed3/metadata.json
main,cifar10,channel_split,mamba,256,32,1024,GEO_SG3,GEO_S,0,100,71.5867,95.9269,71.74,282890,p0b_cifar10_main_uniform_mamba_GEO_SG3_R_high_seed0/metadata.json
main,cifar10,channel_split,mamba,256,32,1024,GEO_SG3,GEO_S,1,100,72.4695,94.4483,72.62,282890,p0b_cifar10_main_uniform_mamba_GEO_SG3_R_high_seed1/metadata.json
main,cifar10,channel_split,mamba,256,32,1024,GEO_SG3,GEO_S,2,100,72.0152,94.1176,72.02,282890,p0b_cifar10_main_uniform_mamba_GEO_SG3_R_high_seed2/metadata.json
main,cifar10,channel_split,mamba,256,32,1024,GEO_SG3,GEO_S,3,100,72.659,94.3,72.92,282890,p0b_cifar10_main_uniform_mamba_GEO_SG3_R_high_seed3/metadata.json
main,cifar10,channel_split,mamba,256,32,1024,GEO_SG4,GEO_S,0,100,72.2533,95.8826,72.2,282890,p0b_cifar10_main_uniform_mamba_GEO_SG4_R_high_seed0/metadata.json
main,cifar10,channel_split,mamba,256,32,1024,GEO_SG4,GEO_S,1,100,71.8048,94.6472,71.7,282890,p0b_cifar10_main_uniform_mamba_GEO_SG4_R_high_seed1/metadata.json
main,cifar10,channel_split,mamba,256,32,1024,GEO_SG4,GEO_S,2,100,72.7133,94.5461,72.78,282890,p0b_cifar10_main_uniform_mamba_GEO_SG4_R_high_seed2/metadata.json
main,cifar10,channel_split,mamba,256,32,1024,GEO_SG4,GEO_S,3,100,72.2514,94.5346,72.24,282890,p0b_cifar10_main_uniform_mamba_GEO_SG4_R_high_seed3/metadata.json
main,cifar10,channel_split,mamba,256,32,1024,LOC_D,LOC_D,0,100,71.6095,87.1532,71.42,282890,p0b_cifar10_main_uniform_mamba_LOC_D_R_high_seed0/metadata.json
main,cifar10,channel_split,mamba,256,32,1024,LOC_D,LOC_D,1,100,71.0352,87.2511,71.08,282890,p0b_cifar10_main_uniform_mamba_LOC_D_R_high_seed1/metadata.json
main,cifar10,channel_split,mamba,256,32,1024,LOC_D,LOC_D,2,100,71.8314,86.3791,71.86,282890,p0b_cifar10_main_uniform_mamba_LOC_D_R_high_seed2/metadata.json
main,cifar10,channel_split,mamba,256,32,1024,LOC_D,LOC_D,3,100,71.0438,87.6425,70.98,282890,p0b_cifar10_main_uniform_mamba_LOC_D_R_high_seed3/metadata.json
main,cifar10,channel_split,mamba,256,32,1024,LOC_S,LOC_S,0,100,70.5914,86.929,70.66,282890,p0b_cifar10_main_uniform_mamba_LOC_S_R_high_seed0/metadata.json
main,cifar10,channel_split,mamba,256,32,1024,LOC_S,LOC_S,1,100,69.481,85.7421,69.44,282890,p0b_cifar10_main_uniform_mamba_LOC_S_R_high_seed1/metadata.json
main,cifar10,channel_split,mamba,256,32,1024,LOC_S,LOC_S,2,100,68.4429,83.5839,68.5,282890,p0b_cifar10_main_uniform_mamba_LOC_S_R_high_seed2/metadata.json
main,cifar10,channel_split,mamba,256,32,1024,LOC_S,LOC_S,3,100,69.301,82.37,69.36,282890,p0b_cifar10_main_uniform_mamba_LOC_S_R_high_seed3/metadata.json
main,cifar10,channel_split,mamba,256,32,1024,RND_D1,RND_D,0,100,63.0724,75.8762,63.34,282890,p0b_cifar10_main_uniform_mamba_RND_D1_R_high_seed0/metadata.json
main,cifar10,channel_split,mamba,256,32,1024,RND_D1,RND_D,1,100,62.5114,76.4337,62.44,282890,p0b_cifar10_main_uniform_mamba_RND_D1_R_high_seed1/metadata.json
main,cifar10,channel_split,mamba,256,32,1024,RND_D1,RND_D,2,100,63.72,77.6559,63.78,282890,p0b_cifar10_main_uniform_mamba_RND_D1_R_high_seed2/metadata.json
main,cifar10,channel_split,mamba,256,32,1024,RND_D1,RND_D,3,100,63.0333,76.6894,62.98,282890,p0b_cifar10_main_uniform_mamba_RND_D1_R_high_seed3/metadata.json
main,cifar10,channel_split,mamba,256,32,1024,RND_D2,RND_D,0,100,62.4943,75.7445,62.5,282890,p0b_cifar10_main_uniform_mamba_RND_D2_R_high_seed0/metadata.json
main,cifar10,channel_split,mamba,256,32,1024,RND_D2,RND_D,1,100,62.9171,76.4943,62.9,282890,p0b_cifar10_main_uniform_mamba_RND_D2_R_high_seed1/metadata.json
main,cifar10,channel_split,mamba,256,32,1024,RND_D2,RND_D,2,100,62.7771,77.6309,62.7,282890,p0b_cifar10_main_uniform_mamba_RND_D2_R_high_seed2/metadata.json
main,cifar10,channel_split,mamba,256,32,1024,RND_D2,RND_D,3,100,64.2924,76.3114,64.24,282890,p0b_cifar10_main_uniform_mamba_RND_D2_R_high_seed3/metadata.json
main,cifar10,channel_split,mamba,256,32,1024,RND_D3,RND_D,0,100,62.4,75.6973,62.56,282890,p0b_cifar10_main_uniform_mamba_RND_D3_R_high_seed0/metadata.json
main,cifar10,channel_split,mamba,256,32,1024,RND_D3,RND_D,1,100,62.6781,75.9367,62.64,282890,p0b_cifar10_main_uniform_mamba_RND_D3_R_high_seed1/metadata.json
main,cifar10,channel_split,mamba,256,32,1024,RND_D3,RND_D,2,100,63.2648,78.0705,63.4,282890,p0b_cifar10_main_uniform_mamba_RND_D3_R_high_seed2/metadata.json
main,cifar10,channel_split,mamba,256,32,1024,RND_D3,RND_D,3,100,62.7781,76.2403,62.78,282890,p0b_cifar10_main_uniform_mamba_RND_D3_R_high_seed3/metadata.json
main,cifar10,channel_split,mamba,256,32,1024,RND_S1,RND_S,0,100,62.7752,76.0653,62.74,282890,p0b_cifar10_main_uniform_mamba_RND_S1_R_high_seed0/metadata.json
main,cifar10,channel_split,mamba,256,32,1024,RND_S1,RND_S,1,100,62.5162,75.4709,62.46,282890,p0b_cifar10_main_uniform_mamba_RND_S1_R_high_seed1/metadata.json
main,cifar10,channel_split,mamba,256,32,1024,RND_S1,RND_S,2,100,62.4038,77.4912,62.3,282890,p0b_cifar10_main_uniform_mamba_RND_S1_R_high_seed2/metadata.json
main,cifar10,channel_split,mamba,256,32,1024,RND_S1,RND_S,3,100,63.821,76.588,63.9,282890,p0b_cifar10_main_uniform_mamba_RND_S1_R_high_seed3/metadata.json
main,cifar10,channel_split,mamba,256,32,1024,RND_S2,RND_S,0,100,62.759,75.9506,62.86,282890,p0b_cifar10_main_uniform_mamba_RND_S2_R_high_seed0/metadata.json
main,cifar10,channel_split,mamba,256,32,1024,RND_S2,RND_S,1,100,63.3933,75.9898,63.48,282890,p0b_cifar10_main_uniform_mamba_RND_S2_R_high_seed1/metadata.json
main,cifar10,channel_split,mamba,256,32,1024,RND_S2,RND_S,2,100,63.6467,77.5629,63.7,282890,p0b_cifar10_main_uniform_mamba_RND_S2_R_high_seed2/metadata.json
main,cifar10,channel_split,mamba,256,32,1024,RND_S2,RND_S,3,100,62.5219,75.9677,62.5,282890,p0b_cifar10_main_uniform_mamba_RND_S2_R_high_seed3/metadata.json
main,cifar10,channel_split,mamba,256,32,1024,RND_S3,RND_S,0,100,63.0229,75.8071,62.88,282890,p0b_cifar10_main_uniform_mamba_RND_S3_R_high_seed0/metadata.json
main,cifar10,channel_split,mamba,256,32,1024,RND_S3,RND_S,1,100,62.8038,76.1329,62.7,282890,p0b_cifar10_main_uniform_mamba_RND_S3_R_high_seed1/metadata.json
main,cifar10,channel_split,mamba,256,32,1024,RND_S3,RND_S,2,100,63.1181,76.887,63.26,282890,p0b_cifar10_main_uniform_mamba_RND_S3_R_high_seed2/metadata.json
main,cifar10,channel_split,mamba,256,32,1024,RND_S3,RND_S,3,100,63.6124,76.1364,63.58,282890,p0b_cifar10_main_uniform_mamba_RND_S3_R_high_seed3/metadata.json
main,cifar10,channel_split,mamba,256,8,64,GEO_DIV,GEO_DIV,0,100,80.419,94.4291,80.54,282122,p0b_cifar10_main_uniform_mamba_GEO_DIV_R_low_seed0/metadata.json
main,cifar10,channel_split,mamba,256,8,64,GEO_DIV,GEO_DIV,1,100,80.0048,94.812,80.1,282122,p0b_cifar10_main_uniform_mamba_GEO_DIV_R_low_seed1/metadata.json
main,cifar10,channel_split,mamba,256,8,64,GEO_DIV,GEO_DIV,2,100,80.4143,94.4035,80.54,282122,p0b_cifar10_main_uniform_mamba_GEO_DIV_R_low_seed2/metadata.json
main,cifar10,channel_split,mamba,256,8,64,GEO_DIV,GEO_DIV,3,100,79.8552,94.2075,79.92,282122,p0b_cifar10_main_uniform_mamba_GEO_DIV_R_low_seed3/metadata.json
main,cifar10,channel_split,mamba,256,8,64,GEO_SG1,GEO_S,0,100,79.2257,93.178,79.16,282122,p0b_cifar10_main_uniform_mamba_GEO_SG1_R_low_seed0/metadata.json
main,cifar10,channel_split,mamba,256,8,64,GEO_SG1,GEO_S,1,100,79.941,92.72,80.12,282122,p0b_cifar10_main_uniform_mamba_GEO_SG1_R_low_seed1/metadata.json
main,cifar10,channel_split,mamba,256,8,64,GEO_SG1,GEO_S,2,100,80.3343,92.8466,80.38,282122,p0b_cifar10_main_uniform_mamba_GEO_SG1_R_low_seed2/metadata.json
main,cifar10,channel_split,mamba,256,8,64,GEO_SG1,GEO_S,3,100,79.7029,93.3462,79.68,282122,p0b_cifar10_main_uniform_mamba_GEO_SG1_R_low_seed3/metadata.json
main,cifar10,channel_split,mamba,256,8,64,GEO_SG2,GEO_S,0,100,78.7514,93.482,78.92,282122,p0b_cifar10_main_uniform_mamba_GEO_SG2_R_low_seed0/metadata.json
main,cifar10,channel_split,mamba,256,8,64,GEO_SG2,GEO_S,1,100,79.1324,92.7521,79.26,282122,p0b_cifar10_main_uniform_mamba_GEO_SG2_R_low_seed1/metadata.json
main,cifar10,channel_split,mamba,256,8,64,GEO_SG2,GEO_S,2,100,79.5362,93.534,79.6,282122,p0b_cifar10_main_uniform_mamba_GEO_SG2_R_low_seed2/metadata.json
main,cifar10,channel_split,mamba,256,8,64,GEO_SG2,GEO_S,3,100,79.2248,93.3332,79.3,282122,p0b_cifar10_main_uniform_mamba_GEO_SG2_R_low_seed3/metadata.json
main,cifar10,channel_split,mamba,256,8,64,GEO_SG3,GEO_S,0,100,79.4686,93.0415,79.48,282122,p0b_cifar10_main_uniform_mamba_GEO_SG3_R_low_seed0/metadata.json
main,cifar10,channel_split,mamba,256,8,64,GEO_SG3,GEO_S,1,100,79.3448,93.1254,79.5,282122,p0b_cifar10_main_uniform_mamba_GEO_SG3_R_low_seed1/metadata.json
main,cifar10,channel_split,mamba,256,8,64,GEO_SG3,GEO_S,2,100,79.3076,93.2888,79.34,282122,p0b_cifar10_main_uniform_mamba_GEO_SG3_R_low_seed2/metadata.json
main,cifar10,channel_split,mamba,256,8,64,GEO_SG3,GEO_S,3,100,79.1505,93.0478,79.32,282122,p0b_cifar10_main_uniform_mamba_GEO_SG3_R_low_seed3/metadata.json
main,cifar10,channel_split,mamba,256,8,64,GEO_SG4,GEO_S,0,100,79.0905,93.0734,79.3,282122,p0b_cifar10_main_uniform_mamba_GEO_SG4_R_low_seed0/metadata.json
main,cifar10,channel_split,mamba,256,8,64,GEO_SG4,GEO_S,1,100,79.5867,92.7205,79.9,282122,p0b_cifar10_main_uniform_mamba_GEO_SG4_R_low_seed1/metadata.json
main,cifar10,channel_split,mamba,256,8,64,GEO_SG4,GEO_S,2,100,79.5648,93.0398,79.74,282122,p0b_cifar10_main_uniform_mamba_GEO_SG4_R_low_seed2/metadata.json
main,cifar10,channel_split,mamba,256,8,64,GEO_SG4,GEO_S,3,100,79.0686,92.8686,79.06,282122,p0b_cifar10_main_uniform_mamba_GEO_SG4_R_low_seed3/metadata.json
main,cifar10,channel_split,mamba,256,8,64,LOC_D,LOC_D,0,100,78.9314,88.9031,79.04,282122,p0b_cifar10_main_uniform_mamba_LOC_D_R_low_seed0/metadata.json
main,cifar10,channel_split,mamba,256,8,64,LOC_D,LOC_D,1,100,78.199,88.8029,78.34,282122,p0b_cifar10_main_uniform_mamba_LOC_D_R_low_seed1/metadata.json
main,cifar10,channel_split,mamba,256,8,64,LOC_D,LOC_D,2,100,78.8171,89.1964,79.02,282122,p0b_cifar10_main_uniform_mamba_LOC_D_R_low_seed2/metadata.json
main,cifar10,channel_split,mamba,256,8,64,LOC_D,LOC_D,3,100,78.6562,88.6022,78.78,282122,p0b_cifar10_main_uniform_mamba_LOC_D_R_low_seed3/metadata.json
main,cifar10,channel_split,mamba,256,8,64,LOC_S,LOC_S,0,100,78.2086,88.8954,78.26,282122,p0b_cifar10_main_uniform_mamba_LOC_S_R_low_seed0/metadata.json
main,cifar10,channel_split,mamba,256,8,64,LOC_S,LOC_S,1,100,77.799,87.7127,77.84,282122,p0b_cifar10_main_uniform_mamba_LOC_S_R_low_seed1/metadata.json
main,cifar10,channel_split,mamba,256,8,64,LOC_S,LOC_S,2,100,79.0476,87.8519,79.06,282122,p0b_cifar10_main_uniform_mamba_LOC_S_R_low_seed2/metadata.json
main,cifar10,channel_split,mamba,256,8,64,LOC_S,LOC_S,3,100,78.5248,87.7377,78.64,282122,p0b_cifar10_main_uniform_mamba_LOC_S_R_low_seed3/metadata.json
main,cifar10,channel_split,mamba,256,8,64,RND_D1,RND_D,0,100,77.0057,83.6282,77.12,282122,p0b_cifar10_main_uniform_mamba_RND_D1_R_low_seed0/metadata.json
main,cifar10,channel_split,mamba,256,8,64,RND_D1,RND_D,1,100,76.7752,84.0172,76.82,282122,p0b_cifar10_main_uniform_mamba_RND_D1_R_low_seed1/metadata.json
main,cifar10,channel_split,mamba,256,8,64,RND_D1,RND_D,2,100,77.381,84.1007,77.5,282122,p0b_cifar10_main_uniform_mamba_RND_D1_R_low_seed2/metadata.json
main,cifar10,channel_split,mamba,256,8,64,RND_D1,RND_D,3,100,76.7771,84.3219,76.74,282122,p0b_cifar10_main_uniform_mamba_RND_D1_R_low_seed3/metadata.json
main,cifar10,channel_split,mamba,256,8,64,RND_D2,RND_D,0,100,76.2467,84.192,76.36,282122,p0b_cifar10_main_uniform_mamba_RND_D2_R_low_seed0/metadata.json
main,cifar10,channel_split,mamba,256,8,64,RND_D2,RND_D,1,100,77.099,83.8528,77.14,282122,p0b_cifar10_main_uniform_mamba_RND_D2_R_low_seed1/metadata.json
main,cifar10,channel_split,mamba,256,8,64,RND_D2,RND_D,2,100,77.4295,83.8832,77.5,282122,p0b_cifar10_main_uniform_mamba_RND_D2_R_low_seed2/metadata.json
main,cifar10,channel_split,mamba,256,8,64,RND_D2,RND_D,3,100,76.8924,84.2208,77.06,282122,p0b_cifar10_main_uniform_mamba_RND_D2_R_low_seed3/metadata.json
main,cifar10,channel_split,mamba,256,8,64,RND_D3,RND_D,0,100,76.5495,84.1751,76.58,282122,p0b_cifar10_main_uniform_mamba_RND_D3_R_low_seed0/metadata.json
main,cifar10,channel_split,mamba,256,8,64,RND_D3,RND_D,1,100,76.5429,83.7892,76.7,282122,p0b_cifar10_main_uniform_mamba_RND_D3_R_low_seed1/metadata.json
main,cifar10,channel_split,mamba,256,8,64,RND_D3,RND_D,2,100,77.0257,83.7101,77.06,282122,p0b_cifar10_main_uniform_mamba_RND_D3_R_low_seed2/metadata.json
main,cifar10,channel_split,mamba,256,8,64,RND_D3,RND_D,3,100,76.8152,84.1149,77.08,282122,p0b_cifar10_main_uniform_mamba_RND_D3_R_low_seed3/metadata.json
main,cifar10,channel_split,mamba,256,8,64,RND_S1,RND_S,0,100,77.2667,84.0274,77.44,282122,p0b_cifar10_main_uniform_mamba_RND_S1_R_low_seed0/metadata.json
main,cifar10,channel_split,mamba,256,8,64,RND_S1,RND_S,1,100,76.5314,83.7754,76.62,282122,p0b_cifar10_main_uniform_mamba_RND_S1_R_low_seed1/metadata.json
main,cifar10,channel_split,mamba,256,8,64,RND_S1,RND_S,2,100,76.721,83.9001,76.86,282122,p0b_cifar10_main_uniform_mamba_RND_S1_R_low_seed2/metadata.json
main,cifar10,channel_split,mamba,256,8,64,RND_S1,RND_S,3,100,77.261,84.0597,77.32,282122,p0b_cifar10_main_uniform_mamba_RND_S1_R_low_seed3/metadata.json
main,cifar10,channel_split,mamba,256,8,64,RND_S2,RND_S,0,100,76.54,83.8071,76.74,282122,p0b_cifar10_main_uniform_mamba_RND_S2_R_low_seed0/metadata.json
main,cifar10,channel_split,mamba,256,8,64,RND_S2,RND_S,1,100,76.8457,84.219,76.88,282122,p0b_cifar10_main_uniform_mamba_RND_S2_R_low_seed1/metadata.json
main,cifar10,channel_split,mamba,256,8,64,RND_S2,RND_S,2,100,77.1686,83.9843,77.46,282122,p0b_cifar10_main_uniform_mamba_RND_S2_R_low_seed2/metadata.json
main,cifar10,channel_split,mamba,256,8,64,RND_S2,RND_S,3,100,77.1229,84.2613,77.32,282122,p0b_cifar10_main_uniform_mamba_RND_S2_R_low_seed3/metadata.json
main,cifar10,channel_split,mamba,256,8,64,RND_S3,RND_S,0,100,76.6143,83.7657,76.72,282122,p0b_cifar10_main_uniform_mamba_RND_S3_R_low_seed0/metadata.json
main,cifar10,channel_split,mamba,256,8,64,RND_S3,RND_S,1,100,76.5457,84.1038,76.48,282122,p0b_cifar10_main_uniform_mamba_RND_S3_R_low_seed1/metadata.json
main,cifar10,channel_split,mamba,256,8,64,RND_S3,RND_S,2,100,77.8057,83.9413,77.98,282122,p0b_cifar10_main_uniform_mamba_RND_S3_R_low_seed2/metadata.json
main,cifar10,channel_split,mamba,256,8,64,RND_S3,RND_S,3,100,76.8067,84.0826,76.94,282122,p0b_cifar10_main_uniform_mamba_RND_S3_R_low_seed3/metadata.json
main,eurosat,channel_split,mamba,256,32,1024,GEO_DIV,GEO_DIV,0,100,95.1848,99.8553,95.24,282890,p0b_eurosat_main_uniform_mamba_GEO_DIV_R_high_seed0/metadata.json
main,eurosat,channel_split,mamba,256,32,1024,GEO_DIV,GEO_DIV,1,100,95.3429,99.9132,95.44,282890,p0b_eurosat_main_uniform_mamba_GEO_DIV_R_high_seed1/metadata.json
main,eurosat,channel_split,mamba,256,32,1024,GEO_DIV,GEO_DIV,2,100,95.5314,99.8708,95.6,282890,p0b_eurosat_main_uniform_mamba_GEO_DIV_R_high_seed2/metadata.json
main,eurosat,channel_split,mamba,256,32,1024,GEO_DIV,GEO_DIV,3,100,94.6343,99.8743,94.72,282890,p0b_eurosat_main_uniform_mamba_GEO_DIV_R_high_seed3/metadata.json
main,eurosat,channel_split,mamba,256,32,1024,GEO_SG1,GEO_S,0,100,95.0629,99.7774,95.04,282890,p0b_eurosat_main_uniform_mamba_GEO_SG1_R_high_seed0/metadata.json
main,eurosat,channel_split,mamba,256,32,1024,GEO_SG1,GEO_S,1,100,94.76,99.8116,94.8,282890,p0b_eurosat_main_uniform_mamba_GEO_SG1_R_high_seed1/metadata.json
main,eurosat,channel_split,mamba,256,32,1024,GEO_SG1,GEO_S,2,100,94.9048,99.7694,95.0,282890,p0b_eurosat_main_uniform_mamba_GEO_SG1_R_high_seed2/metadata.json
main,eurosat,channel_split,mamba,256,32,1024,GEO_SG1,GEO_S,3,100,94.581,99.8303,94.6,282890,p0b_eurosat_main_uniform_mamba_GEO_SG1_R_high_seed3/metadata.json
main,eurosat,channel_split,mamba,256,32,1024,GEO_SG2,GEO_S,0,100,94.6533,99.8251,94.72,282890,p0b_eurosat_main_uniform_mamba_GEO_SG2_R_high_seed0/metadata.json
main,eurosat,channel_split,mamba,256,32,1024,GEO_SG2,GEO_S,1,100,95.0533,99.8044,95.08,282890,p0b_eurosat_main_uniform_mamba_GEO_SG2_R_high_seed1/metadata.json
main,eurosat,channel_split,mamba,256,32,1024,GEO_SG2,GEO_S,2,100,94.8743,99.7439,94.8,282890,p0b_eurosat_main_uniform_mamba_GEO_SG2_R_high_seed2/metadata.json
main,eurosat,channel_split,mamba,256,32,1024,GEO_SG2,GEO_S,3,100,95.2686,99.841,95.24,282890,p0b_eurosat_main_uniform_mamba_GEO_SG2_R_high_seed3/metadata.json
main,eurosat,channel_split,mamba,256,32,1024,GEO_SG3,GEO_S,0,100,94.6724,99.8162,94.8,282890,p0b_eurosat_main_uniform_mamba_GEO_SG3_R_high_seed0/metadata.json
main,eurosat,channel_split,mamba,256,32,1024,GEO_SG3,GEO_S,1,100,94.68,99.8932,94.84,282890,p0b_eurosat_main_uniform_mamba_GEO_SG3_R_high_seed1/metadata.json
main,eurosat,channel_split,mamba,256,32,1024,GEO_SG3,GEO_S,2,100,94.4419,99.8651,94.48,282890,p0b_eurosat_main_uniform_mamba_GEO_SG3_R_high_seed2/metadata.json
main,eurosat,channel_split,mamba,256,32,1024,GEO_SG3,GEO_S,3,100,94.7295,99.8542,94.76,282890,p0b_eurosat_main_uniform_mamba_GEO_SG3_R_high_seed3/metadata.json
main,eurosat,channel_split,mamba,256,32,1024,GEO_SG4,GEO_S,0,100,94.4038,99.7929,94.4,282890,p0b_eurosat_main_uniform_mamba_GEO_SG4_R_high_seed0/metadata.json
main,eurosat,channel_split,mamba,256,32,1024,GEO_SG4,GEO_S,1,100,94.8648,99.879,94.96,282890,p0b_eurosat_main_uniform_mamba_GEO_SG4_R_high_seed1/metadata.json
main,eurosat,channel_split,mamba,256,32,1024,GEO_SG4,GEO_S,2,100,94.5333,99.7442,94.52,282890,p0b_eurosat_main_uniform_mamba_GEO_SG4_R_high_seed2/metadata.json
main,eurosat,channel_split,mamba,256,32,1024,GEO_SG4,GEO_S,3,100,94.9295,99.8381,94.96,282890,p0b_eurosat_main_uniform_mamba_GEO_SG4_R_high_seed3/metadata.json
main,eurosat,channel_split,mamba,256,32,1024,LOC_D,LOC_D,0,100,94.4762,98.7164,94.48,282890,p0b_eurosat_main_uniform_mamba_LOC_D_R_high_seed0/metadata.json
main,eurosat,channel_split,mamba,256,32,1024,LOC_D,LOC_D,1,100,94.141,98.9618,94.16,282890,p0b_eurosat_main_uniform_mamba_LOC_D_R_high_seed1/metadata.json
main,eurosat,channel_split,mamba,256,32,1024,LOC_D,LOC_D,2,100,94.2171,98.9514,94.28,282890,p0b_eurosat_main_uniform_mamba_LOC_D_R_high_seed2/metadata.json
main,eurosat,channel_split,mamba,256,32,1024,LOC_D,LOC_D,3,100,94.6762,98.9392,94.72,282890,p0b_eurosat_main_uniform_mamba_LOC_D_R_high_seed3/metadata.json
main,eurosat,channel_split,mamba,256,32,1024,LOC_S,LOC_S,0,100,94.0095,98.4795,94.08,282890,p0b_eurosat_main_uniform_mamba_LOC_S_R_high_seed0/metadata.json
main,eurosat,channel_split,mamba,256,32,1024,LOC_S,LOC_S,1,100,94.9086,98.7453,95.0,282890,p0b_eurosat_main_uniform_mamba_LOC_S_R_high_seed1/metadata.json
main,eurosat,channel_split,mamba,256,32,1024,LOC_S,LOC_S,2,100,93.979,98.6551,94.0,282890,p0b_eurosat_main_uniform_mamba_LOC_S_R_high_seed2/metadata.json
main,eurosat,channel_split,mamba,256,32,1024,LOC_S,LOC_S,3,100,94.4343,98.6396,94.52,282890,p0b_eurosat_main_uniform_mamba_LOC_S_R_high_seed3/metadata.json
main,eurosat,channel_split,mamba,256,32,1024,RND_D1,RND_D,0,100,92.8381,97.6114,92.8,282890,p0b_eurosat_main_uniform_mamba_RND_D1_R_high_seed0/metadata.json
main,eurosat,channel_split,mamba,256,32,1024,RND_D1,RND_D,1,100,93.7352,98.1112,93.68,282890,p0b_eurosat_main_uniform_mamba_RND_D1_R_high_seed1/metadata.json
main,eurosat,channel_split,mamba,256,32,1024,RND_D1,RND_D,2,100,93.7905,97.7983,93.72,282890,p0b_eurosat_main_uniform_mamba_RND_D1_R_high_seed2/metadata.json
main,eurosat,channel_split,mamba,256,32,1024,RND_D1,RND_D,3,100,93.6857,97.9906,93.76,282890,p0b_eurosat_main_uniform_mamba_RND_D1_R_high_seed3/metadata.json
main,eurosat,channel_split,mamba,256,32,1024,RND_D2,RND_D,0,100,93.48,97.6158,93.6,282890,p0b_eurosat_main_uniform_mamba_RND_D2_R_high_seed0/metadata.json
main,eurosat,channel_split,mamba,256,32,1024,RND_D2,RND_D,1,100,93.3486,98.1449,93.44,282890,p0b_eurosat_main_uniform_mamba_RND_D2_R_high_seed1/metadata.json
main,eurosat,channel_split,mamba,256,32,1024,RND_D2,RND_D,2,100,93.4457,97.8299,93.28,282890,p0b_eurosat_main_uniform_mamba_RND_D2_R_high_seed2/metadata.json
main,eurosat,channel_split,mamba,256,32,1024,RND_D2,RND_D,3,100,93.8629,98.0313,93.88,282890,p0b_eurosat_main_uniform_mamba_RND_D2_R_high_seed3/metadata.json
main,eurosat,channel_split,mamba,256,32,1024,RND_D3,RND_D,0,100,92.8019,97.6832,92.72,282890,p0b_eurosat_main_uniform_mamba_RND_D3_R_high_seed0/metadata.json
main,eurosat,channel_split,mamba,256,32,1024,RND_D3,RND_D,1,100,93.461,98.1858,93.56,282890,p0b_eurosat_main_uniform_mamba_RND_D3_R_high_seed1/metadata.json
main,eurosat,channel_split,mamba,256,32,1024,RND_D3,RND_D,2,100,93.1733,97.807,92.96,282890,p0b_eurosat_main_uniform_mamba_RND_D3_R_high_seed2/metadata.json
main,eurosat,channel_split,mamba,256,32,1024,RND_D3,RND_D,3,100,93.4876,97.97,93.56,282890,p0b_eurosat_main_uniform_mamba_RND_D3_R_high_seed3/metadata.json
main,eurosat,channel_split,mamba,256,32,1024,RND_S1,RND_S,0,100,92.8648,97.608,92.88,282890,p0b_eurosat_main_uniform_mamba_RND_S1_R_high_seed0/metadata.json
main,eurosat,channel_split,mamba,256,32,1024,RND_S1,RND_S,1,100,93.301,98.2165,93.32,282890,p0b_eurosat_main_uniform_mamba_RND_S1_R_high_seed1/metadata.json
main,eurosat,channel_split,mamba,256,32,1024,RND_S1,RND_S,2,100,93.3752,97.7887,93.4,282890,p0b_eurosat_main_uniform_mamba_RND_S1_R_high_seed2/metadata.json
main,eurosat,channel_split,mamba,256,32,1024,RND_S1,RND_S,3,100,94.021,98.0422,94.08,282890,p0b_eurosat_main_uniform_mamba_RND_S1_R_high_seed3/metadata.json
main,eurosat,channel_split,mamba,256,32,1024,RND_S2,RND_S,0,100,93.3371,97.6247,93.48,282890,p0b_eurosat_main_uniform_mamba_RND_S2_R_high_seed0/metadata.json
main,eurosat,channel_split,mamba,256,32,1024,RND_S2,RND_S,1,100,93.3124,98.1318,93.4,282890,p0b_eurosat_main_uniform_mamba_RND_S2_R_high_seed1/metadata.json
main,eurosat,channel_split,mamba,256,32,1024,RND_S2,RND_S,2,100,93.56,97.8266,93.6,282890,p0b_eurosat_main_uniform_mamba_RND_S2_R_high_seed2/metadata.json
main,eurosat,channel_split,mamba,256,32,1024,RND_S2,RND_S,3,100,93.941,98.0964,94.0,282890,p0b_eurosat_main_uniform_mamba_RND_S2_R_high_seed3/metadata.json
main,eurosat,channel_split,mamba,256,32,1024,RND_S3,RND_S,0,100,93.2343,97.6802,93.24,282890,p0b_eurosat_main_uniform_mamba_RND_S3_R_high_seed0/metadata.json
main,eurosat,channel_split,mamba,256,32,1024,RND_S3,RND_S,1,100,93.4133,98.2108,93.36,282890,p0b_eurosat_main_uniform_mamba_RND_S3_R_high_seed1/metadata.json
main,eurosat,channel_split,mamba,256,32,1024,RND_S3,RND_S,2,100,92.8971,97.8081,92.84,282890,p0b_eurosat_main_uniform_mamba_RND_S3_R_high_seed2/metadata.json
main,eurosat,channel_split,mamba,256,32,1024,RND_S3,RND_S,3,100,93.9352,97.9874,93.96,282890,p0b_eurosat_main_uniform_mamba_RND_S3_R_high_seed3/metadata.json
main,eurosat,channel_split,mamba,256,8,64,GEO_DIV,GEO_DIV,0,100,94.8057,99.6704,94.96,282122,p0b_eurosat_main_uniform_mamba_GEO_DIV_R_low_seed0/metadata.json
main,eurosat,channel_split,mamba,256,8,64,GEO_DIV,GEO_DIV,1,100,94.2152,99.6891,94.24,282122,p0b_eurosat_main_uniform_mamba_GEO_DIV_R_low_seed1/metadata.json
main,eurosat,channel_split,mamba,256,8,64,GEO_DIV,GEO_DIV,2,100,94.7733,99.5383,94.72,282122,p0b_eurosat_main_uniform_mamba_GEO_DIV_R_low_seed2/metadata.json
main,eurosat,channel_split,mamba,256,8,64,GEO_DIV,GEO_DIV,3,100,95.2152,99.6236,95.32,282122,p0b_eurosat_main_uniform_mamba_GEO_DIV_R_low_seed3/metadata.json
main,eurosat,channel_split,mamba,256,8,64,GEO_SG1,GEO_S,0,100,94.7867,99.5873,94.76,282122,p0b_eurosat_main_uniform_mamba_GEO_SG1_R_low_seed0/metadata.json
main,eurosat,channel_split,mamba,256,8,64,GEO_SG1,GEO_S,1,100,94.899,99.5805,95.12,282122,p0b_eurosat_main_uniform_mamba_GEO_SG1_R_low_seed1/metadata.json
main,eurosat,channel_split,mamba,256,8,64,GEO_SG1,GEO_S,2,100,95.0629,99.4748,95.12,282122,p0b_eurosat_main_uniform_mamba_GEO_SG1_R_low_seed2/metadata.json
main,eurosat,channel_split,mamba,256,8,64,GEO_SG1,GEO_S,3,100,94.6057,99.5692,94.68,282122,p0b_eurosat_main_uniform_mamba_GEO_SG1_R_low_seed3/metadata.json
main,eurosat,channel_split,mamba,256,8,64,GEO_SG2,GEO_S,0,100,94.4438,99.5599,94.52,282122,p0b_eurosat_main_uniform_mamba_GEO_SG2_R_low_seed0/metadata.json
main,eurosat,channel_split,mamba,256,8,64,GEO_SG2,GEO_S,1,100,94.5181,99.5497,94.56,282122,p0b_eurosat_main_uniform_mamba_GEO_SG2_R_low_seed1/metadata.json
main,eurosat,channel_split,mamba,256,8,64,GEO_SG2,GEO_S,2,100,94.4762,99.5172,94.6,282122,p0b_eurosat_main_uniform_mamba_GEO_SG2_R_low_seed2/metadata.json
main,eurosat,channel_split,mamba,256,8,64,GEO_SG2,GEO_S,3,100,94.9257,99.5486,95.04,282122,p0b_eurosat_main_uniform_mamba_GEO_SG2_R_low_seed3/metadata.json
main,eurosat,channel_split,mamba,256,8,64,GEO_SG3,GEO_S,0,100,94.6648,99.5183,94.72,282122,p0b_eurosat_main_uniform_mamba_GEO_SG3_R_low_seed0/metadata.json
main,eurosat,channel_split,mamba,256,8,64,GEO_SG3,GEO_S,1,100,94.9467,99.6121,94.96,282122,p0b_eurosat_main_uniform_mamba_GEO_SG3_R_low_seed1/metadata.json
main,eurosat,channel_split,mamba,256,8,64,GEO_SG3,GEO_S,2,100,94.6781,99.499,94.8,282122,p0b_eurosat_main_uniform_mamba_GEO_SG3_R_low_seed2/metadata.json
main,eurosat,channel_split,mamba,256,8,64,GEO_SG3,GEO_S,3,100,94.3867,99.529,94.48,282122,p0b_eurosat_main_uniform_mamba_GEO_SG3_R_low_seed3/metadata.json
main,eurosat,channel_split,mamba,256,8,64,GEO_SG4,GEO_S,0,100,94.6762,99.5877,94.72,282122,p0b_eurosat_main_uniform_mamba_GEO_SG4_R_low_seed0/metadata.json
main,eurosat,channel_split,mamba,256,8,64,GEO_SG4,GEO_S,1,100,94.4019,99.5727,94.52,282122,p0b_eurosat_main_uniform_mamba_GEO_SG4_R_low_seed1/metadata.json
main,eurosat,channel_split,mamba,256,8,64,GEO_SG4,GEO_S,2,100,94.7181,99.4322,94.72,282122,p0b_eurosat_main_uniform_mamba_GEO_SG4_R_low_seed2/metadata.json
main,eurosat,channel_split,mamba,256,8,64,GEO_SG4,GEO_S,3,100,94.7848,99.5579,94.8,282122,p0b_eurosat_main_uniform_mamba_GEO_SG4_R_low_seed3/metadata.json
main,eurosat,channel_split,mamba,256,8,64,LOC_D,LOC_D,0,100,94.8038,99.0958,94.84,282122,p0b_eurosat_main_uniform_mamba_LOC_D_R_low_seed0/metadata.json
main,eurosat,channel_split,mamba,256,8,64,LOC_D,LOC_D,1,100,95.1524,99.1172,95.2,282122,p0b_eurosat_main_uniform_mamba_LOC_D_R_low_seed1/metadata.json
main,eurosat,channel_split,mamba,256,8,64,LOC_D,LOC_D,2,100,94.581,98.9609,94.68,282122,p0b_eurosat_main_uniform_mamba_LOC_D_R_low_seed2/metadata.json
main,eurosat,channel_split,mamba,256,8,64,LOC_D,LOC_D,3,100,94.3276,99.0404,94.36,282122,p0b_eurosat_main_uniform_mamba_LOC_D_R_low_seed3/metadata.json
main,eurosat,channel_split,mamba,256,8,64,LOC_S,LOC_S,0,100,93.9086,98.976,93.84,282122,p0b_eurosat_main_uniform_mamba_LOC_S_R_low_seed0/metadata.json
main,eurosat,channel_split,mamba,256,8,64,LOC_S,LOC_S,1,100,94.8,99.0312,94.96,282122,p0b_eurosat_main_uniform_mamba_LOC_S_R_low_seed1/metadata.json
main,eurosat,channel_split,mamba,256,8,64,LOC_S,LOC_S,2,100,94.5429,98.8245,94.6,282122,p0b_eurosat_main_uniform_mamba_LOC_S_R_low_seed2/metadata.json
main,eurosat,channel_split,mamba,256,8,64,LOC_S,LOC_S,3,100,94.859,98.9435,94.88,282122,p0b_eurosat_main_uniform_mamba_LOC_S_R_low_seed3/metadata.json
main,eurosat,channel_split,mamba,256,8,64,RND_D1,RND_D,0,100,94.341,98.4588,94.36,282122,p0b_eurosat_main_uniform_mamba_RND_D1_R_low_seed0/metadata.json
main,eurosat,channel_split,mamba,256,8,64,RND_D1,RND_D,1,100,94.8552,98.667,94.84,282122,p0b_eurosat_main_uniform_mamba_RND_D1_R_low_seed1/metadata.json
main,eurosat,channel_split,mamba,256,8,64,RND_D1,RND_D,2,100,94.7448,98.5165,94.68,282122,p0b_eurosat_main_uniform_mamba_RND_D1_R_low_seed2/metadata.json
main,eurosat,channel_split,mamba,256,8,64,RND_D1,RND_D,3,100,95.1981,98.6307,95.32,282122,p0b_eurosat_main_uniform_mamba_RND_D1_R_low_seed3/metadata.json
main,eurosat,channel_split,mamba,256,8,64,RND_D2,RND_D,0,100,94.7505,98.5073,94.88,282122,p0b_eurosat_main_uniform_mamba_RND_D2_R_low_seed0/metadata.json
main,eurosat,channel_split,mamba,256,8,64,RND_D2,RND_D,1,100,94.7181,98.6124,94.72,282122,p0b_eurosat_main_uniform_mamba_RND_D2_R_low_seed1/metadata.json
main,eurosat,channel_split,mamba,256,8,64,RND_D2,RND_D,2,100,94.4095,98.4873,94.32,282122,p0b_eurosat_main_uniform_mamba_RND_D2_R_low_seed2/metadata.json
main,eurosat,channel_split,mamba,256,8,64,RND_D2,RND_D,3,100,94.3771,98.6833,94.52,282122,p0b_eurosat_main_uniform_mamba_RND_D2_R_low_seed3/metadata.json
main,eurosat,channel_split,mamba,256,8,64,RND_D3,RND_D,0,100,94.9371,98.4427,94.96,282122,p0b_eurosat_main_uniform_mamba_RND_D3_R_low_seed0/metadata.json
main,eurosat,channel_split,mamba,256,8,64,RND_D3,RND_D,1,100,94.7048,98.6163,94.64,282122,p0b_eurosat_main_uniform_mamba_RND_D3_R_low_seed1/metadata.json
main,eurosat,channel_split,mamba,256,8,64,RND_D3,RND_D,2,100,95.0438,98.5778,94.96,282122,p0b_eurosat_main_uniform_mamba_RND_D3_R_low_seed2/metadata.json
main,eurosat,channel_split,mamba,256,8,64,RND_D3,RND_D,3,100,94.779,98.6335,94.68,282122,p0b_eurosat_main_uniform_mamba_RND_D3_R_low_seed3/metadata.json
main,eurosat,channel_split,mamba,256,8,64,RND_S1,RND_S,0,100,94.3143,98.5004,94.4,282122,p0b_eurosat_main_uniform_mamba_RND_S1_R_low_seed0/metadata.json
main,eurosat,channel_split,mamba,256,8,64,RND_S1,RND_S,1,100,94.979,98.6011,95.08,282122,p0b_eurosat_main_uniform_mamba_RND_S1_R_low_seed1/metadata.json
main,eurosat,channel_split,mamba,256,8,64,RND_S1,RND_S,2,100,94.3733,98.4625,94.4,282122,p0b_eurosat_main_uniform_mamba_RND_S1_R_low_seed2/metadata.json
main,eurosat,channel_split,mamba,256,8,64,RND_S1,RND_S,3,100,94.7219,98.5981,94.76,282122,p0b_eurosat_main_uniform_mamba_RND_S1_R_low_seed3/metadata.json
main,eurosat,channel_split,mamba,256,8,64,RND_S2,RND_S,0,100,94.8743,98.5113,94.92,282122,p0b_eurosat_main_uniform_mamba_RND_S2_R_low_seed0/metadata.json
main,eurosat,channel_split,mamba,256,8,64,RND_S2,RND_S,1,100,94.92,98.585,95.04,282122,p0b_eurosat_main_uniform_mamba_RND_S2_R_low_seed1/metadata.json
main,eurosat,channel_split,mamba,256,8,64,RND_S2,RND_S,2,100,94.7276,98.4479,94.84,282122,p0b_eurosat_main_uniform_mamba_RND_S2_R_low_seed2/metadata.json
main,eurosat,channel_split,mamba,256,8,64,RND_S2,RND_S,3,100,95.12,98.602,95.12,282122,p0b_eurosat_main_uniform_mamba_RND_S2_R_low_seed3/metadata.json
main,eurosat,channel_split,mamba,256,8,64,RND_S3,RND_S,0,100,94.8819,98.5002,94.96,282122,p0b_eurosat_main_uniform_mamba_RND_S3_R_low_seed0/metadata.json
main,eurosat,channel_split,mamba,256,8,64,RND_S3,RND_S,1,100,94.9638,98.6061,95.0,282122,p0b_eurosat_main_uniform_mamba_RND_S3_R_low_seed1/metadata.json
main,eurosat,channel_split,mamba,256,8,64,RND_S3,RND_S,2,100,94.6171,98.4492,94.64,282122,p0b_eurosat_main_uniform_mamba_RND_S3_R_low_seed2/metadata.json
main,eurosat,channel_split,mamba,256,8,64,RND_S3,RND_S,3,100,95.2514,98.5343,95.24,282122,p0b_eurosat_main_uniform_mamba_RND_S3_R_low_seed3/metadata.json
main,organamnist,channel_split,mamba,256,32,1024,GEO_DIV,GEO_DIV,0,100,96.9239,99.9948,96.9342,283147,p0b_organamnist_main_uniform_mamba_GEO_DIV_R_high_seed0/metadata.json
main,organamnist,channel_split,mamba,256,32,1024,GEO_DIV,GEO_DIV,1,100,96.8521,99.9945,96.9188,283147,p0b_organamnist_main_uniform_mamba_GEO_DIV_R_high_seed1/metadata.json
main,organamnist,channel_split,mamba,256,32,1024,GEO_DIV,GEO_DIV,2,100,97.1763,99.9939,97.2731,283147,p0b_organamnist_main_uniform_mamba_GEO_DIV_R_high_seed2/metadata.json
main,organamnist,channel_split,mamba,256,32,1024,GEO_DIV,GEO_DIV,3,100,97.0707,99.9944,97.0575,283147,p0b_organamnist_main_uniform_mamba_GEO_DIV_R_high_seed3/metadata.json
main,organamnist,channel_split,mamba,256,32,1024,GEO_SG1,GEO_S,0,100,96.8029,99.9906,96.7648,283147,p0b_organamnist_main_uniform_mamba_GEO_SG1_R_high_seed0/metadata.json
main,organamnist,channel_split,mamba,256,32,1024,GEO_SG1,GEO_S,1,100,96.6129,99.991,96.6261,283147,p0b_organamnist_main_uniform_mamba_GEO_SG1_R_high_seed1/metadata.json
main,organamnist,channel_split,mamba,256,32,1024,GEO_SG1,GEO_S,2,100,96.6503,99.9919,96.6569,283147,p0b_organamnist_main_uniform_mamba_GEO_SG1_R_high_seed2/metadata.json
main,organamnist,channel_split,mamba,256,32,1024,GEO_SG1,GEO_S,3,100,96.3957,99.9893,96.4874,283147,p0b_organamnist_main_uniform_mamba_GEO_SG1_R_high_seed3/metadata.json
main,organamnist,channel_split,mamba,256,32,1024,GEO_SG2,GEO_S,0,100,96.9973,99.9921,97.0267,283147,p0b_organamnist_main_uniform_mamba_GEO_SG2_R_high_seed0/metadata.json
main,organamnist,channel_split,mamba,256,32,1024,GEO_SG2,GEO_S,1,100,97.0178,99.9938,97.0421,283147,p0b_organamnist_main_uniform_mamba_GEO_SG2_R_high_seed1/metadata.json
main,organamnist,channel_split,mamba,256,32,1024,GEO_SG2,GEO_S,2,100,96.8733,99.9923,96.9188,283147,p0b_organamnist_main_uniform_mamba_GEO_SG2_R_high_seed2/metadata.json
main,organamnist,channel_split,mamba,256,32,1024,GEO_SG2,GEO_S,3,100,96.8572,99.9864,96.8418,283147,p0b_organamnist_main_uniform_mamba_GEO_SG2_R_high_seed3/metadata.json
main,organamnist,channel_split,mamba,256,32,1024,GEO_SG3,GEO_S,0,100,96.8366,99.9906,96.9034,283147,p0b_organamnist_main_uniform_mamba_GEO_SG3_R_high_seed0/metadata.json
main,organamnist,channel_split,mamba,256,32,1024,GEO_SG3,GEO_S,1,100,97.1484,99.9923,97.1807,283147,p0b_organamnist_main_uniform_mamba_GEO_SG3_R_high_seed1/metadata.json
main,organamnist,channel_split,mamba,256,32,1024,GEO_SG3,GEO_S,2,100,96.599,99.9883,96.5645,283147,p0b_organamnist_main_uniform_mamba_GEO_SG3_R_high_seed2/metadata.json
main,organamnist,channel_split,mamba,256,32,1024,GEO_SG3,GEO_S,3,100,96.9768,99.9934,96.9804,283147,p0b_organamnist_main_uniform_mamba_GEO_SG3_R_high_seed3/metadata.json
main,organamnist,channel_split,mamba,256,32,1024,GEO_SG4,GEO_S,0,100,97.2871,99.9919,97.2886,283147,p0b_organamnist_main_uniform_mamba_GEO_SG4_R_high_seed0/metadata.json
main,organamnist,channel_split,mamba,256,32,1024,GEO_SG4,GEO_S,1,100,96.9342,99.9899,96.9804,283147,p0b_organamnist_main_uniform_mamba_GEO_SG4_R_high_seed1/metadata.json
main,organamnist,channel_split,mamba,256,32,1024,GEO_SG4,GEO_S,2,100,97.7397,99.9924,97.7507,283147,p0b_organamnist_main_uniform_mamba_GEO_SG4_R_high_seed2/metadata.json
main,organamnist,channel_split,mamba,256,32,1024,GEO_SG4,GEO_S,3,100,97.4756,99.9915,97.4734,283147,p0b_organamnist_main_uniform_mamba_GEO_SG4_R_high_seed3/metadata.json
main,organamnist,channel_split,mamba,256,32,1024,LOC_D,LOC_D,0,100,96.2395,99.9667,96.3334,283147,p0b_organamnist_main_uniform_mamba_LOC_D_R_high_seed0/metadata.json
main,organamnist,channel_split,mamba,256,32,1024,LOC_D,LOC_D,1,100,96.5828,99.9636,96.6261,283147,p0b_organamnist_main_uniform_mamba_LOC_D_R_high_seed1/metadata.json
main,organamnist,channel_split,mamba,256,32,1024,LOC_D,LOC_D,2,100,95.6254,99.9532,95.7171,283147,p0b_organamnist_main_uniform_mamba_LOC_D_R_high_seed2/metadata.json
main,organamnist,channel_split,mamba,256,32,1024,LOC_D,LOC_D,3,100,96.0414,99.9534,96.1485,283147,p0b_organamnist_main_uniform_mamba_LOC_D_R_high_seed3/metadata.json
main,organamnist,channel_split,mamba,256,32,1024,LOC_S,LOC_S,0,100,95.8624,99.9377,95.8558,283147,p0b_organamnist_main_uniform_mamba_LOC_S_R_high_seed0/metadata.json
main,organamnist,channel_split,mamba,256,32,1024,LOC_S,LOC_S,1,100,96.0091,99.9227,96.0099,283147,p0b_organamnist_main_uniform_mamba_LOC_S_R_high_seed1/metadata.json
main,organamnist,channel_split,mamba,256,32,1024,LOC_S,LOC_S,2,100,95.9108,99.9512,95.979,283147,p0b_organamnist_main_uniform_mamba_LOC_S_R_high_seed2/metadata.json
main,organamnist,channel_split,mamba,256,32,1024,LOC_S,LOC_S,3,100,96.2864,99.9333,96.2872,283147,p0b_organamnist_main_uniform_mamba_LOC_S_R_high_seed3/metadata.json
main,organamnist,channel_split,mamba,256,32,1024,RND_D1,RND_D,0,100,95.1853,99.3997,95.3166,283147,p0b_organamnist_main_uniform_mamba_RND_D1_R_high_seed0/metadata.json
main,organamnist,channel_split,mamba,256,32,1024,RND_D1,RND_D,1,100,95.9086,99.4515,96.0099,283147,p0b_organamnist_main_uniform_mamba_RND_D1_R_high_seed1/metadata.json
main,organamnist,channel_split,mamba,256,32,1024,RND_D1,RND_D,2,100,94.481,99.5135,94.5309,283147,p0b_organamnist_main_uniform_mamba_RND_D1_R_high_seed2/metadata.json
main,organamnist,channel_split,mamba,256,32,1024,RND_D1,RND_D,3,100,95.3826,99.499,95.4861,283147,p0b_organamnist_main_uniform_mamba_RND_D1_R_high_seed3/metadata.json
main,organamnist,channel_split,mamba,256,32,1024,RND_D2,RND_D,0,100,95.1853,99.3892,95.2088,283147,p0b_organamnist_main_uniform_mamba_RND_D2_R_high_seed0/metadata.json
main,organamnist,channel_split,mamba,256,32,1024,RND_D2,RND_D,1,100,95.7267,99.4489,95.8404,283147,p0b_organamnist_main_uniform_mamba_RND_D2_R_high_seed1/metadata.json
main,organamnist,channel_split,mamba,256,32,1024,RND_D2,RND_D,2,100,94.7921,99.4763,94.7774,283147,p0b_organamnist_main_uniform_mamba_RND_D2_R_high_seed2/metadata.json
main,organamnist,channel_split,mamba,256,32,1024,RND_D2,RND_D,3,100,95.3144,99.3685,95.3628,283147,p0b_organamnist_main_uniform_mamba_RND_D2_R_high_seed3/metadata.json
main,organamnist,channel_split,mamba,256,32,1024,RND_D3,RND_D,0,100,95.1823,99.4527,95.2242,283147,p0b_organamnist_main_uniform_mamba_RND_D3_R_high_seed0/metadata.json
main,organamnist,channel_split,mamba,256,32,1024,RND_D3,RND_D,1,100,95.3988,99.4862,95.4552,283147,p0b_organamnist_main_uniform_mamba_RND_D3_R_high_seed1/metadata.json
main,organamnist,channel_split,mamba,256,32,1024,RND_D3,RND_D,2,100,94.6285,99.4392,94.6695,283147,p0b_organamnist_main_uniform_mamba_RND_D3_R_high_seed2/metadata.json
main,organamnist,channel_split,mamba,256,32,1024,RND_D3,RND_D,3,100,95.7758,99.4369,95.8558,283147,p0b_organamnist_main_uniform_mamba_RND_D3_R_high_seed3/metadata.json
main,organamnist,channel_split,mamba,256,32,1024,RND_S1,RND_S,0,100,95.1134,99.3746,95.1163,283147,p0b_organamnist_main_uniform_mamba_RND_S1_R_high_seed0/metadata.json
main,organamnist,channel_split,mamba,256,32,1024,RND_S1,RND_S,1,100,94.6629,99.3492,94.7312,283147,p0b_organamnist_main_uniform_mamba_RND_S1_R_high_seed1/metadata.json
main,organamnist,channel_split,mamba,256,32,1024,RND_S1,RND_S,2,100,94.1641,99.4586,94.1766,283147,p0b_organamnist_main_uniform_mamba_RND_S1_R_high_seed2/metadata.json
main,organamnist,channel_split,mamba,256,32,1024,RND_S1,RND_S,3,100,95.0481,99.3997,95.0855,283147,p0b_organamnist_main_uniform_mamba_RND_S1_R_high_seed3/metadata.json
main,organamnist,channel_split,mamba,256,32,1024,RND_S2,RND_S,0,100,94.8772,99.4128,94.916,283147,p0b_organamnist_main_uniform_mamba_RND_S2_R_high_seed0/metadata.json
main,organamnist,channel_split,mamba,256,32,1024,RND_S2,RND_S,1,100,95.6188,99.4071,95.6247,283147,p0b_organamnist_main_uniform_mamba_RND_S2_R_high_seed1/metadata.json
main,organamnist,channel_split,mamba,256,32,1024,RND_S2,RND_S,2,100,94.9865,99.4664,94.9468,283147,p0b_organamnist_main_uniform_mamba_RND_S2_R_high_seed2/metadata.json
main,organamnist,channel_split,mamba,256,32,1024,RND_S2,RND_S,3,100,95.3789,99.2948,95.3936,283147,p0b_organamnist_main_uniform_mamba_RND_S2_R_high_seed3/metadata.json
main,organamnist,channel_split,mamba,256,32,1024,RND_S3,RND_S,0,100,95.4127,99.422,95.409,283147,p0b_organamnist_main_uniform_mamba_RND_S3_R_high_seed0/metadata.json
main,organamnist,channel_split,mamba,256,32,1024,RND_S3,RND_S,1,100,95.2476,99.4439,95.3166,283147,p0b_organamnist_main_uniform_mamba_RND_S3_R_high_seed1/metadata.json
main,organamnist,channel_split,mamba,256,32,1024,RND_S3,RND_S,2,100,94.8742,99.4579,94.839,283147,p0b_organamnist_main_uniform_mamba_RND_S3_R_high_seed2/metadata.json
main,organamnist,channel_split,mamba,256,32,1024,RND_S3,RND_S,3,100,95.4897,99.4177,95.5015,283147,p0b_organamnist_main_uniform_mamba_RND_S3_R_high_seed3/metadata.json
main,organamnist,channel_split,mamba,256,8,64,GEO_DIV,GEO_DIV,0,100,97.5387,99.9844,97.6121,282379,p0b_organamnist_main_uniform_mamba_GEO_DIV_R_low_seed0/metadata.json
main,organamnist,channel_split,mamba,256,8,64,GEO_DIV,GEO_DIV,1,100,97.1088,99.9853,97.1807,282379,p0b_organamnist_main_uniform_mamba_GEO_DIV_R_low_seed1/metadata.json
main,organamnist,channel_split,mamba,256,8,64,GEO_DIV,GEO_DIV,2,100,97.0245,99.9879,96.9958,282379,p0b_organamnist_main_uniform_mamba_GEO_DIV_R_low_seed2/metadata.json
main,organamnist,channel_split,mamba,256,8,64,GEO_DIV,GEO_DIV,3,100,97.2724,99.9859,97.2423,282379,p0b_organamnist_main_uniform_mamba_GEO_DIV_R_low_seed3/metadata.json
main,organamnist,channel_split,mamba,256,8,64,GEO_SG1,GEO_S,0,100,96.8535,99.9731,96.8572,282379,p0b_organamnist_main_uniform_mamba_GEO_SG1_R_low_seed0/metadata.json
main,organamnist,channel_split,mamba,256,8,64,GEO_SG1,GEO_S,1,100,96.6217,99.9741,96.6723,282379,p0b_organamnist_main_uniform_mamba_GEO_SG1_R_low_seed1/metadata.json
main,organamnist,channel_split,mamba,256,8,64,GEO_SG1,GEO_S,2,100,97.1103,99.97,97.1961,282379,p0b_organamnist_main_uniform_mamba_GEO_SG1_R_low_seed2/metadata.json
main,organamnist,channel_split,mamba,256,8,64,GEO_SG1,GEO_S,3,100,96.0209,99.9763,95.979,282379,p0b_organamnist_main_uniform_mamba_GEO_SG1_R_low_seed3/metadata.json
main,organamnist,channel_split,mamba,256,8,64,GEO_SG2,GEO_S,0,100,97.2988,99.9766,97.3348,282379,p0b_organamnist_main_uniform_mamba_GEO_SG2_R_low_seed0/metadata.json
main,organamnist,channel_split,mamba,256,8,64,GEO_SG2,GEO_S,1,100,97.1572,99.9796,97.1961,282379,p0b_organamnist_main_uniform_mamba_GEO_SG2_R_low_seed1/metadata.json
main,organamnist,channel_split,mamba,256,8,64,GEO_SG2,GEO_S,2,100,96.9283,99.9726,96.9034,282379,p0b_organamnist_main_uniform_mamba_GEO_SG2_R_low_seed2/metadata.json
main,organamnist,channel_split,mamba,256,8,64,GEO_SG2,GEO_S,3,100,96.8689,99.9752,96.8726,282379,p0b_organamnist_main_uniform_mamba_GEO_SG2_R_low_seed3/metadata.json
main,organamnist,channel_split,mamba,256,8,64,GEO_SG3,GEO_S,0,100,96.8792,99.978,96.888,282379,p0b_organamnist_main_uniform_mamba_GEO_SG3_R_low_seed0/metadata.json
main,organamnist,channel_split,mamba,256,8,64,GEO_SG3,GEO_S,1,100,96.8425,99.9774,96.8418,282379,p0b_organamnist_main_uniform_mamba_GEO_SG3_R_low_seed1/metadata.json
main,organamnist,channel_split,mamba,256,8,64,GEO_SG3,GEO_S,2,100,97.0303,99.9777,96.9958,282379,p0b_organamnist_main_uniform_mamba_GEO_SG3_R_low_seed2/metadata.json
main,organamnist,channel_split,mamba,256,8,64,GEO_SG3,GEO_S,3,100,96.8183,99.9763,96.8726,282379,p0b_organamnist_main_uniform_mamba_GEO_SG3_R_low_seed3/metadata.json
main,organamnist,channel_split,mamba,256,8,64,GEO_SG4,GEO_S,0,100,97.3626,99.9792,97.3964,282379,p0b_organamnist_main_uniform_mamba_GEO_SG4_R_low_seed0/metadata.json
main,organamnist,channel_split,mamba,256,8,64,GEO_SG4,GEO_S,1,100,97.4169,99.9781,97.458,282379,p0b_organamnist_main_uniform_mamba_GEO_SG4_R_low_seed1/metadata.json
main,organamnist,channel_split,mamba,256,8,64,GEO_SG4,GEO_S,2,100,97.6348,99.9707,97.6583,282379,p0b_organamnist_main_uniform_mamba_GEO_SG4_R_low_seed2/metadata.json
main,organamnist,channel_split,mamba,256,8,64,GEO_SG4,GEO_S,3,100,97.7992,99.9734,97.7969,282379,p0b_organamnist_main_uniform_mamba_GEO_SG4_R_low_seed3/metadata.json
main,organamnist,channel_split,mamba,256,8,64,LOC_D,LOC_D,0,100,96.8418,99.9299,96.888,282379,p0b_organamnist_main_uniform_mamba_LOC_D_R_low_seed0/metadata.json
main,organamnist,channel_split,mamba,256,8,64,LOC_D,LOC_D,1,100,96.453,99.9231,96.4874,282379,p0b_organamnist_main_uniform_mamba_LOC_D_R_low_seed1/metadata.json
main,organamnist,channel_split,mamba,256,8,64,LOC_D,LOC_D,2,100,97.3759,99.9319,97.458,282379,p0b_organamnist_main_uniform_mamba_LOC_D_R_low_seed2/metadata.json
main,organamnist,channel_split,mamba,256,8,64,LOC_D,LOC_D,3,100,96.4163,99.9204,96.472,282379,p0b_organamnist_main_uniform_mamba_LOC_D_R_low_seed3/metadata.json
main,organamnist,channel_split,mamba,256,8,64,LOC_S,LOC_S,0,100,97.0809,99.9037,97.1345,282379,p0b_organamnist_main_uniform_mamba_LOC_S_R_low_seed0/metadata.json
main,organamnist,channel_split,mamba,256,8,64,LOC_S,LOC_S,1,100,97.1675,99.8949,97.2731,282379,p0b_organamnist_main_uniform_mamba_LOC_S_R_low_seed1/metadata.json
main,organamnist,channel_split,mamba,256,8,64,LOC_S,LOC_S,2,100,97.0619,99.888,97.0575,282379,p0b_organamnist_main_uniform_mamba_LOC_S_R_low_seed2/metadata.json
main,organamnist,channel_split,mamba,256,8,64,LOC_S,LOC_S,3,100,97.403,99.8872,97.3656,282379,p0b_organamnist_main_uniform_mamba_LOC_S_R_low_seed3/metadata.json
main,organamnist,channel_split,mamba,256,8,64,RND_D1,RND_D,0,100,97.1873,99.7056,97.2577,282379,p0b_organamnist_main_uniform_mamba_RND_D1_R_low_seed0/metadata.json
main,organamnist,channel_split,mamba,256,8,64,RND_D1,RND_D,1,100,96.9936,99.7003,97.0267,282379,p0b_organamnist_main_uniform_mamba_RND_D1_R_low_seed1/metadata.json
main,organamnist,channel_split,mamba,256,8,64,RND_D1,RND_D,2,100,96.9379,99.6846,96.9342,282379,p0b_organamnist_main_uniform_mamba_RND_D1_R_low_seed2/metadata.json
main,organamnist,channel_split,mamba,256,8,64,RND_D1,RND_D,3,100,96.9438,99.6934,96.9034,282379,p0b_organamnist_main_uniform_mamba_RND_D1_R_low_seed3/metadata.json
main,organamnist,channel_split,mamba,256,8,64,RND_D2,RND_D,0,100,96.968,99.7146,96.8726,282379,p0b_organamnist_main_uniform_mamba_RND_D2_R_low_seed0/metadata.json
main,organamnist,channel_split,mamba,256,8,64,RND_D2,RND_D,1,100,96.6466,99.6832,96.6877,282379,p0b_organamnist_main_uniform_mamba_RND_D2_R_low_seed1/metadata.json
main,organamnist,channel_split,mamba,256,8,64,RND_D2,RND_D,2,100,96.9474,99.7189,96.9496,282379,p0b_organamnist_main_uniform_mamba_RND_D2_R_low_seed2/metadata.json
main,organamnist,channel_split,mamba,256,8,64,RND_D2,RND_D,3,100,97.2959,99.712,97.3656,282379,p0b_organamnist_main_uniform_mamba_RND_D2_R_low_seed3/metadata.json
main,organamnist,channel_split,mamba,256,8,64,RND_D3,RND_D,0,100,96.5835,99.7033,96.5337,282379,p0b_organamnist_main_uniform_mamba_RND_D3_R_low_seed0/metadata.json
main,organamnist,channel_split,mamba,256,8,64,RND_D3,RND_D,1,100,97.0098,99.7102,97.1345,282379,p0b_organamnist_main_uniform_mamba_RND_D3_R_low_seed1/metadata.json
main,organamnist,channel_split,mamba,256,8,64,RND_D3,RND_D,2,100,97.414,99.6741,97.4118,282379,p0b_organamnist_main_uniform_mamba_RND_D3_R_low_seed2/metadata.json
main,organamnist,channel_split,mamba,256,8,64,RND_D3,RND_D,3,100,96.6364,99.6805,96.6723,282379,p0b_organamnist_main_uniform_mamba_RND_D3_R_low_seed3/metadata.json
main,organamnist,channel_split,mamba,256,8,64,RND_S1,RND_S,0,100,96.7053,99.6671,96.7185,282379,p0b_organamnist_main_uniform_mamba_RND_S1_R_low_seed0/metadata.json
main,organamnist,channel_split,mamba,256,8,64,RND_S1,RND_S,1,100,96.8697,99.6668,97.0112,282379,p0b_organamnist_main_uniform_mamba_RND_S1_R_low_seed1/metadata.json
main,organamnist,channel_split,mamba,256,8,64,RND_S1,RND_S,2,100,96.6422,99.7033,96.6261,282379,p0b_organamnist_main_uniform_mamba_RND_S1_R_low_seed2/metadata.json
main,organamnist,channel_split,mamba,256,8,64,RND_S1,RND_S,3,100,97.0985,99.7057,97.1807,282379,p0b_organamnist_main_uniform_mamba_RND_S1_R_low_seed3/metadata.json
main,organamnist,channel_split,mamba,256,8,64,RND_S2,RND_S,0,100,97.3032,99.6834,97.2886,282379,p0b_organamnist_main_uniform_mamba_RND_S2_R_low_seed0/metadata.json
main,organamnist,channel_split,mamba,256,8,64,RND_S2,RND_S,1,100,96.6026,99.6736,96.6569,282379,p0b_organamnist_main_uniform_mamba_RND_S2_R_low_seed1/metadata.json
main,organamnist,channel_split,mamba,256,8,64,RND_S2,RND_S,2,100,96.9056,99.6595,96.888,282379,p0b_organamnist_main_uniform_mamba_RND_S2_R_low_seed2/metadata.json
main,organamnist,channel_split,mamba,256,8,64,RND_S2,RND_S,3,100,97.1096,99.6546,97.1807,282379,p0b_organamnist_main_uniform_mamba_RND_S2_R_low_seed3/metadata.json
main,organamnist,channel_split,mamba,256,8,64,RND_S3,RND_S,0,100,96.6268,99.6652,96.6261,282379,p0b_organamnist_main_uniform_mamba_RND_S3_R_low_seed0/metadata.json
main,organamnist,channel_split,mamba,256,8,64,RND_S3,RND_S,1,100,97.0281,99.7018,97.0421,282379,p0b_organamnist_main_uniform_mamba_RND_S3_R_low_seed1/metadata.json
main,organamnist,channel_split,mamba,256,8,64,RND_S3,RND_S,2,100,96.8278,99.6739,96.8264,282379,p0b_organamnist_main_uniform_mamba_RND_S3_R_low_seed2/metadata.json
main,organamnist,channel_split,mamba,256,8,64,RND_S3,RND_S,3,100,97.2401,99.6914,97.3194,282379,p0b_organamnist_main_uniform_mamba_RND_S3_R_low_seed3/metadata.json
main,organcmnist,channel_split,mamba,256,32,1024,GEO_DIV,GEO_DIV,0,100,96.3091,99.9628,96.3211,283147,p0b_organcmnist_main_uniform_mamba_GEO_DIV_R_high_seed0/metadata.json
main,organcmnist,channel_split,mamba,256,32,1024,GEO_DIV,GEO_DIV,1,100,96.1738,99.9543,96.1957,283147,p0b_organcmnist_main_uniform_mamba_GEO_DIV_R_high_seed1/metadata.json
main,organcmnist,channel_split,mamba,256,32,1024,GEO_DIV,GEO_DIV,2,100,97.4817,99.9278,97.5334,283147,p0b_organcmnist_main_uniform_mamba_GEO_DIV_R_high_seed2/metadata.json
main,organcmnist,channel_split,mamba,256,32,1024,GEO_DIV,GEO_DIV,3,100,96.7929,99.9308,96.7391,283147,p0b_organcmnist_main_uniform_mamba_GEO_DIV_R_high_seed3/metadata.json
main,organcmnist,channel_split,mamba,256,32,1024,GEO_SG1,GEO_S,0,100,96.6555,99.9061,96.6555,283147,p0b_organcmnist_main_uniform_mamba_GEO_SG1_R_high_seed0/metadata.json
main,organcmnist,channel_split,mamba,256,32,1024,GEO_SG1,GEO_S,1,100,96.8745,99.909,96.8645,283147,p0b_organcmnist_main_uniform_mamba_GEO_SG1_R_high_seed1/metadata.json
main,organcmnist,channel_split,mamba,256,32,1024,GEO_SG1,GEO_S,2,100,96.4485,99.9278,96.4883,283147,p0b_organcmnist_main_uniform_mamba_GEO_SG1_R_high_seed2/metadata.json
main,organcmnist,channel_split,mamba,256,32,1024,GEO_SG1,GEO_S,3,100,96.3888,99.849,96.4047,283147,p0b_organcmnist_main_uniform_mamba_GEO_SG1_R_high_seed3/metadata.json
main,organcmnist,channel_split,mamba,256,32,1024,GEO_SG2,GEO_S,0,100,95.6124,99.9197,95.5268,283147,p0b_organcmnist_main_uniform_mamba_GEO_SG2_R_high_seed0/metadata.json
main,organcmnist,channel_split,mamba,256,32,1024,GEO_SG2,GEO_S,1,100,95.6263,99.9293,95.6522,283147,p0b_organcmnist_main_uniform_mamba_GEO_SG2_R_high_seed1/metadata.json
main,organcmnist,channel_split,mamba,256,32,1024,GEO_SG2,GEO_S,2,100,95.6044,99.9057,95.694,283147,p0b_organcmnist_main_uniform_mamba_GEO_SG2_R_high_seed2/metadata.json
main,organcmnist,channel_split,mamba,256,32,1024,GEO_SG2,GEO_S,3,100,95.9508,99.9057,96.1538,283147,p0b_organcmnist_main_uniform_mamba_GEO_SG2_R_high_seed3/metadata.json
main,organcmnist,channel_split,mamba,256,32,1024,GEO_SG3,GEO_S,0,100,96.8427,99.909,96.8227,283147,p0b_organcmnist_main_uniform_mamba_GEO_SG3_R_high_seed0/metadata.json
main,organcmnist,channel_split,mamba,256,32,1024,GEO_SG3,GEO_S,1,100,96.4525,99.8969,96.4465,283147,p0b_organcmnist_main_uniform_mamba_GEO_SG3_R_high_seed1/metadata.json
main,organcmnist,channel_split,mamba,256,32,1024,GEO_SG3,GEO_S,2,100,96.6057,99.8961,96.7391,283147,p0b_organcmnist_main_uniform_mamba_GEO_SG3_R_high_seed2/metadata.json
main,organcmnist,channel_split,mamba,256,32,1024,GEO_SG3,GEO_S,3,100,96.6495,99.881,96.6973,283147,p0b_organcmnist_main_uniform_mamba_GEO_SG3_R_high_seed3/metadata.json
main,organcmnist,channel_split,mamba,256,32,1024,GEO_SG4,GEO_S,0,100,96.7869,99.8788,96.7809,283147,p0b_organcmnist_main_uniform_mamba_GEO_SG4_R_high_seed0/metadata.json
main,organcmnist,channel_split,mamba,256,32,1024,GEO_SG4,GEO_S,1,100,96.1777,99.8873,96.1957,283147,p0b_organcmnist_main_uniform_mamba_GEO_SG4_R_high_seed1/metadata.json
main,organcmnist,channel_split,mamba,256,32,1024,GEO_SG4,GEO_S,2,100,96.7929,99.8943,96.8227,283147,p0b_organcmnist_main_uniform_mamba_GEO_SG4_R_high_seed2/metadata.json
main,organcmnist,channel_split,mamba,256,32,1024,GEO_SG4,GEO_S,3,100,96.558,99.8479,96.5719,283147,p0b_organcmnist_main_uniform_mamba_GEO_SG4_R_high_seed3/metadata.json
main,organcmnist,channel_split,mamba,256,32,1024,LOC_D,LOC_D,0,100,96.8088,99.5823,96.8645,283147,p0b_organcmnist_main_uniform_mamba_LOC_D_R_high_seed0/metadata.json
main,organcmnist,channel_split,mamba,256,32,1024,LOC_D,LOC_D,1,100,95.9249,99.5223,96.0284,283147,p0b_organcmnist_main_uniform_mamba_LOC_D_R_high_seed1/metadata.json
main,organcmnist,channel_split,mamba,256,32,1024,LOC_D,LOC_D,2,100,96.2016,99.5606,96.3629,283147,p0b_organcmnist_main_uniform_mamba_LOC_D_R_high_seed2/metadata.json
main,organcmnist,channel_split,mamba,256,32,1024,LOC_D,LOC_D,3,100,96.2813,99.509,96.4047,283147,p0b_organcmnist_main_uniform_mamba_LOC_D_R_high_seed3/metadata.json
main,organcmnist,channel_split,mamba,256,32,1024,LOC_S,LOC_S,0,100,95.1804,99.5123,95.1505,283147,p0b_organcmnist_main_uniform_mamba_LOC_S_R_high_seed0/metadata.json
main,organcmnist,channel_split,mamba,256,32,1024,LOC_S,LOC_S,1,100,95.8911,99.453,95.8612,283147,p0b_organcmnist_main_uniform_mamba_LOC_S_R_high_seed1/metadata.json
main,organcmnist,channel_split,mamba,256,32,1024,LOC_S,LOC_S,2,100,94.8897,99.2298,94.9833,283147,p0b_organcmnist_main_uniform_mamba_LOC_S_R_high_seed2/metadata.json
main,organcmnist,channel_split,mamba,256,32,1024,LOC_S,LOC_S,3,100,94.9355,98.8935,95.0251,283147,p0b_organcmnist_main_uniform_mamba_LOC_S_R_high_seed3/metadata.json
main,organcmnist,channel_split,mamba,256,32,1024,RND_D1,RND_D,0,100,93.9541,96.5685,94.189,283147,p0b_organcmnist_main_uniform_mamba_RND_D1_R_high_seed0/metadata.json
main,organcmnist,channel_split,mamba,256,32,1024,RND_D1,RND_D,1,100,94.4896,95.9681,94.5652,283147,p0b_organcmnist_main_uniform_mamba_RND_D1_R_high_seed1/metadata.json
main,organcmnist,channel_split,mamba,256,32,1024,RND_D1,RND_D,2,100,94.6548,96.8581,94.7742,283147,p0b_organcmnist_main_uniform_mamba_RND_D1_R_high_seed2/metadata.json
main,organcmnist,channel_split,mamba,256,32,1024,RND_D1,RND_D,3,100,94.2367,96.4282,94.189,283147,p0b_organcmnist_main_uniform_mamba_RND_D1_R_high_seed3/metadata.json
main,organcmnist,channel_split,mamba,256,32,1024,RND_D2,RND_D,0,100,94.0635,96.5663,94.1472,283147,p0b_organcmnist_main_uniform_mamba_RND_D2_R_high_seed0/metadata.json
main,organcmnist,channel_split,mamba,256,32,1024,RND_D2,RND_D,1,100,94.82,96.5199,94.8997,283147,p0b_organcmnist_main_uniform_mamba_RND_D2_R_high_seed1/metadata.json
main,organcmnist,channel_split,mamba,256,32,1024,RND_D2,RND_D,2,100,95.3058,96.7406,95.6522,283147,p0b_organcmnist_main_uniform_mamba_RND_D2_R_high_seed2/metadata.json
main,organcmnist,channel_split,mamba,256,32,1024,RND_D2,RND_D,3,100,93.4484,95.8341,93.4783,283147,p0b_organcmnist_main_uniform_mamba_RND_D2_R_high_seed3/metadata.json
main,organcmnist,channel_split,mamba,256,32,1024,RND_D3,RND_D,0,100,93.5858,96.5656,93.5201,283147,p0b_organcmnist_main_uniform_mamba_RND_D3_R_high_seed0/metadata.json
main,organcmnist,channel_split,mamba,256,32,1024,RND_D3,RND_D,1,100,95.1863,95.8459,95.1505,283147,p0b_organcmnist_main_uniform_mamba_RND_D3_R_high_seed1/metadata.json
main,organcmnist,channel_split,mamba,256,32,1024,RND_D3,RND_D,2,100,93.8266,96.7203,93.9381,283147,p0b_organcmnist_main_uniform_mamba_RND_D3_R_high_seed2/metadata.json
main,organcmnist,channel_split,mamba,256,32,1024,RND_D3,RND_D,3,100,93.1558,95.9575,93.0602,283147,p0b_organcmnist_main_uniform_mamba_RND_D3_R_high_seed3/metadata.json
main,organcmnist,channel_split,mamba,256,32,1024,RND_S1,RND_S,0,100,94.5354,96.5789,94.5652,283147,p0b_organcmnist_main_uniform_mamba_RND_S1_R_high_seed0/metadata.json
main,organcmnist,channel_split,mamba,256,32,1024,RND_S1,RND_S,1,100,95.6203,96.2481,95.6104,283147,p0b_organcmnist_main_uniform_mamba_RND_S1_R_high_seed1/metadata.json
main,organcmnist,channel_split,mamba,256,32,1024,RND_S1,RND_S,2,100,94.9315,96.9196,95.1505,283147,p0b_organcmnist_main_uniform_mamba_RND_S1_R_high_seed2/metadata.json
main,organcmnist,channel_split,mamba,256,32,1024,RND_S1,RND_S,3,100,93.2971,96.1251,93.1438,283147,p0b_organcmnist_main_uniform_mamba_RND_S1_R_high_seed3/metadata.json
main,organcmnist,channel_split,mamba,256,32,1024,RND_S2,RND_S,0,100,94.179,96.6083,94.2308,283147,p0b_organcmnist_main_uniform_mamba_RND_S2_R_high_seed0/metadata.json
main,organcmnist,channel_split,mamba,256,32,1024,RND_S2,RND_S,1,100,94.4378,96.1508,94.5234,283147,p0b_organcmnist_main_uniform_mamba_RND_S2_R_high_seed1/metadata.json
main,organcmnist,channel_split,mamba,256,32,1024,RND_S2,RND_S,2,100,94.615,96.8448,94.6906,283147,p0b_organcmnist_main_uniform_mamba_RND_S2_R_high_seed2/metadata.json
main,organcmnist,channel_split,mamba,256,32,1024,RND_S2,RND_S,3,100,93.7092,95.8355,93.8963,283147,p0b_organcmnist_main_uniform_mamba_RND_S2_R_high_seed3/metadata.json
main,organcmnist,channel_split,mamba,256,32,1024,RND_S3,RND_S,0,100,94.0237,96.668,93.9799,283147,p0b_organcmnist_main_uniform_mamba_RND_S3_R_high_seed0/metadata.json
main,organcmnist,channel_split,mamba,256,32,1024,RND_S3,RND_S,1,100,95.0052,96.2963,95.0251,283147,p0b_organcmnist_main_uniform_mamba_RND_S3_R_high_seed1/metadata.json
main,organcmnist,channel_split,mamba,256,32,1024,RND_S3,RND_S,2,100,94.8141,96.7011,95.0251,283147,p0b_organcmnist_main_uniform_mamba_RND_S3_R_high_seed2/metadata.json
main,organcmnist,channel_split,mamba,256,32,1024,RND_S3,RND_S,3,100,93.4882,95.6676,93.4783,283147,p0b_organcmnist_main_uniform_mamba_RND_S3_R_high_seed3/metadata.json
main,organcmnist,channel_split,mamba,256,8,64,GEO_DIV,GEO_DIV,0,100,96.9939,99.8482,97.0736,282379,p0b_organcmnist_main_uniform_mamba_GEO_DIV_R_low_seed0/metadata.json
main,organcmnist,channel_split,mamba,256,8,64,GEO_DIV,GEO_DIV,1,100,97.2746,99.8689,97.3662,282379,p0b_organcmnist_main_uniform_mamba_GEO_DIV_R_low_seed1/metadata.json
main,organcmnist,channel_split,mamba,256,8,64,GEO_DIV,GEO_DIV,2,100,97.2408,99.8549,97.2408,282379,p0b_organcmnist_main_uniform_mamba_GEO_DIV_R_low_seed2/metadata.json
main,organcmnist,channel_split,mamba,256,8,64,GEO_DIV,GEO_DIV,3,100,97.1512,99.8541,97.199,282379,p0b_organcmnist_main_uniform_mamba_GEO_DIV_R_low_seed3/metadata.json
main,organcmnist,channel_split,mamba,256,8,64,GEO_SG1,GEO_S,0,100,96.9243,99.8177,96.9064,282379,p0b_organcmnist_main_uniform_mamba_GEO_SG1_R_low_seed0/metadata.json
main,organcmnist,channel_split,mamba,256,8,64,GEO_SG1,GEO_S,1,100,96.7829,99.8092,96.7809,282379,p0b_organcmnist_main_uniform_mamba_GEO_SG1_R_low_seed1/metadata.json
main,organcmnist,channel_split,mamba,256,8,64,GEO_SG1,GEO_S,2,100,97.0178,99.8302,97.0318,282379,p0b_organcmnist_main_uniform_mamba_GEO_SG1_R_low_seed2/metadata.json
main,organcmnist,channel_split,mamba,256,8,64,GEO_SG1,GEO_S,3,100,96.7969,99.8103,96.8227,282379,p0b_organcmnist_main_uniform_mamba_GEO_SG1_R_low_seed3/metadata.json
main,organcmnist,channel_split,mamba,256,8,64,GEO_SG2,GEO_S,0,100,96.7949,99.7948,96.7391,282379,p0b_organcmnist_main_uniform_mamba_GEO_SG2_R_low_seed0/metadata.json
main,organcmnist,channel_split,mamba,256,8,64,GEO_SG2,GEO_S,1,100,96.6953,99.7886,96.6555,282379,p0b_organcmnist_main_uniform_mamba_GEO_SG2_R_low_seed1/metadata.json
main,organcmnist,channel_split,mamba,256,8,64,GEO_SG2,GEO_S,2,100,96.4226,99.8291,96.4047,282379,p0b_organcmnist_main_uniform_mamba_GEO_SG2_R_low_seed2/metadata.json
main,organcmnist,channel_split,mamba,256,8,64,GEO_SG2,GEO_S,3,100,96.7929,99.8239,96.8645,282379,p0b_organcmnist_main_uniform_mamba_GEO_SG2_R_low_seed3/metadata.json
main,organcmnist,channel_split,mamba,256,8,64,GEO_SG3,GEO_S,0,100,96.7551,99.8615,96.7391,282379,p0b_organcmnist_main_uniform_mamba_GEO_SG3_R_low_seed0/metadata.json
main,organcmnist,channel_split,mamba,256,8,64,GEO_SG3,GEO_S,1,100,96.6476,99.8077,96.6973,282379,p0b_organcmnist_main_uniform_mamba_GEO_SG3_R_low_seed1/metadata.json
main,organcmnist,channel_split,mamba,256,8,64,GEO_SG3,GEO_S,2,100,96.8486,99.8162,96.8227,282379,p0b_organcmnist_main_uniform_mamba_GEO_SG3_R_low_seed2/metadata.json
main,organcmnist,channel_split,mamba,256,8,64,GEO_SG3,GEO_S,3,100,96.4126,99.8188,96.4883,282379,p0b_organcmnist_main_uniform_mamba_GEO_SG3_R_low_seed3/metadata.json
main,organcmnist,channel_split,mamba,256,8,64,GEO_SG4,GEO_S,0,100,96.6635,99.818,96.6555,282379,p0b_organcmnist_main_uniform_mamba_GEO_SG4_R_low_seed0/metadata.json
main,organcmnist,channel_split,mamba,256,8,64,GEO_SG4,GEO_S,1,100,96.7491,99.7805,96.7809,282379,p0b_organcmnist_main_uniform_mamba_GEO_SG4_R_low_seed1/metadata.json
main,organcmnist,channel_split,mamba,256,8,64,GEO_SG4,GEO_S,2,100,97.189,99.8077,97.199,282379,p0b_organcmnist_main_uniform_mamba_GEO_SG4_R_low_seed2/metadata.json
main,organcmnist,channel_split,mamba,256,8,64,GEO_SG4,GEO_S,3,100,96.8626,99.8409,96.9064,282379,p0b_organcmnist_main_uniform_mamba_GEO_SG4_R_low_seed3/metadata.json
main,organcmnist,channel_split,mamba,256,8,64,LOC_D,LOC_D,0,100,96.7511,99.5064,96.7809,282379,p0b_organcmnist_main_uniform_mamba_LOC_D_R_low_seed0/metadata.json
main,organcmnist,channel_split,mamba,256,8,64,LOC_D,LOC_D,1,100,97.0616,99.5149,96.99,282379,p0b_organcmnist_main_uniform_mamba_LOC_D_R_low_seed1/metadata.json
main,organcmnist,channel_split,mamba,256,8,64,LOC_D,LOC_D,2,100,96.7829,99.4405,96.8227,282379,p0b_organcmnist_main_uniform_mamba_LOC_D_R_low_seed2/metadata.json
main,organcmnist,channel_split,mamba,256,8,64,LOC_D,LOC_D,3,100,97.0198,99.4578,97.0736,282379,p0b_organcmnist_main_uniform_mamba_LOC_D_R_low_seed3/metadata.json
main,organcmnist,channel_split,mamba,256,8,64,LOC_S,LOC_S,0,100,96.759,99.351,96.6973,282379,p0b_organcmnist_main_uniform_mamba_LOC_S_R_low_seed0/metadata.json
main,organcmnist,channel_split,mamba,256,8,64,LOC_S,LOC_S,1,100,96.6356,99.3101,96.6973,282379,p0b_organcmnist_main_uniform_mamba_LOC_S_R_low_seed1/metadata.json
main,organcmnist,channel_split,mamba,256,8,64,LOC_S,LOC_S,2,100,96.5659,99.3278,96.6555,282379,p0b_organcmnist_main_uniform_mamba_LOC_S_R_low_seed2/metadata.json
main,organcmnist,channel_split,mamba,256,8,64,LOC_S,LOC_S,3,100,96.2275,99.3359,96.2793,282379,p0b_organcmnist_main_uniform_mamba_LOC_S_R_low_seed3/metadata.json
main,organcmnist,channel_split,mamba,256,8,64,RND_D1,RND_D,0,100,96.339,98.7115,96.4465,282379,p0b_organcmnist_main_uniform_mamba_RND_D1_R_low_seed0/metadata.json
main,organcmnist,channel_split,mamba,256,8,64,RND_D1,RND_D,1,100,96.2275,98.7244,96.2375,282379,p0b_organcmnist_main_uniform_mamba_RND_D1_R_low_seed1/metadata.json
main,organcmnist,channel_split,mamba,256,8,64,RND_D1,RND_D,2,100,96.4226,98.6423,96.4047,282379,p0b_organcmnist_main_uniform_mamba_RND_D1_R_low_seed2/metadata.json
main,organcmnist,channel_split,mamba,256,8,64,RND_D1,RND_D,3,100,96.6933,98.7767,96.6973,282379,p0b_organcmnist_main_uniform_mamba_RND_D1_R_low_seed3/metadata.json
main,organcmnist,channel_split,mamba,256,8,64,RND_D2,RND_D,0,100,96.1976,98.716,96.2793,282379,p0b_organcmnist_main_uniform_mamba_RND_D2_R_low_seed0/metadata.json
main,organcmnist,channel_split,mamba,256,8,64,RND_D2,RND_D,1,100,96.347,98.7406,96.3211,282379,p0b_organcmnist_main_uniform_mamba_RND_D2_R_low_seed1/metadata.json
main,organcmnist,channel_split,mamba,256,8,64,RND_D2,RND_D,2,100,95.8811,98.7027,95.9866,282379,p0b_organcmnist_main_uniform_mamba_RND_D2_R_low_seed2/metadata.json
main,organcmnist,channel_split,mamba,256,8,64,RND_D2,RND_D,3,100,95.682,98.6905,95.7358,282379,p0b_organcmnist_main_uniform_mamba_RND_D2_R_low_seed3/metadata.json
main,organcmnist,channel_split,mamba,256,8,64,RND_D3,RND_D,0,100,96.0205,98.706,96.0702,282379,p0b_organcmnist_main_uniform_mamba_RND_D3_R_low_seed0/metadata.json
main,organcmnist,channel_split,mamba,256,8,64,RND_D3,RND_D,1,100,96.0364,98.7388,96.0284,282379,p0b_organcmnist_main_uniform_mamba_RND_D3_R_low_seed1/metadata.json
main,organcmnist,channel_split,mamba,256,8,64,RND_D3,RND_D,2,100,96.0105,98.7034,96.112,282379,p0b_organcmnist_main_uniform_mamba_RND_D3_R_low_seed2/metadata.json
main,organcmnist,channel_split,mamba,256,8,64,RND_D3,RND_D,3,100,96.4684,98.716,96.5301,282379,p0b_organcmnist_main_uniform_mamba_RND_D3_R_low_seed3/metadata.json
main,organcmnist,channel_split,mamba,256,8,64,RND_S1,RND_S,0,100,96.5221,98.6533,96.5301,282379,p0b_organcmnist_main_uniform_mamba_RND_S1_R_low_seed0/metadata.json
main,organcmnist,channel_split,mamba,256,8,64,RND_S1,RND_S,1,100,96.1041,98.6154,96.0702,282379,p0b_organcmnist_main_uniform_mamba_RND_S1_R_low_seed1/metadata.json
main,organcmnist,channel_split,mamba,256,8,64,RND_S1,RND_S,2,100,96.2136,98.6953,96.1957,282379,p0b_organcmnist_main_uniform_mamba_RND_S1_R_low_seed2/metadata.json
main,organcmnist,channel_split,mamba,256,8,64,RND_S1,RND_S,3,100,96.6575,98.6836,96.5719,282379,p0b_organcmnist_main_uniform_mamba_RND_S1_R_low_seed3/metadata.json
main,organcmnist,channel_split,mamba,256,8,64,RND_S2,RND_S,0,100,95.903,98.5738,96.112,282379,p0b_organcmnist_main_uniform_mamba_RND_S2_R_low_seed0/metadata.json
main,organcmnist,channel_split,mamba,256,8,64,RND_S2,RND_S,1,100,96.1996,98.6198,96.2375,282379,p0b_organcmnist_main_uniform_mamba_RND_S2_R_low_seed1/metadata.json
main,organcmnist,channel_split,mamba,256,8,64,RND_S2,RND_S,2,100,96.1638,98.5156,96.2375,282379,p0b_organcmnist_main_uniform_mamba_RND_S2_R_low_seed2/metadata.json
main,organcmnist,channel_split,mamba,256,8,64,RND_S2,RND_S,3,100,95.8712,98.6696,95.6522,282379,p0b_organcmnist_main_uniform_mamba_RND_S2_R_low_seed3/metadata.json
main,organcmnist,channel_split,mamba,256,8,64,RND_S3,RND_S,0,100,96.0264,98.5985,96.0702,282379,p0b_organcmnist_main_uniform_mamba_RND_S3_R_low_seed0/metadata.json
main,organcmnist,channel_split,mamba,256,8,64,RND_S3,RND_S,1,100,96.0663,98.6592,96.112,282379,p0b_organcmnist_main_uniform_mamba_RND_S3_R_low_seed1/metadata.json
main,organcmnist,channel_split,mamba,256,8,64,RND_S3,RND_S,2,100,96.3788,98.5498,96.4465,282379,p0b_organcmnist_main_uniform_mamba_RND_S3_R_low_seed2/metadata.json
main,organcmnist,channel_split,mamba,256,8,64,RND_S3,RND_S,3,100,96.4564,98.6806,96.4465,282379,p0b_organcmnist_main_uniform_mamba_RND_S3_R_low_seed3/metadata.json
main,organsmnist,channel_split,mamba,256,32,1024,GEO_DIV,GEO_DIV,0,100,86.3688,97.4434,86.2969,283147,p0b_organsmnist_main_uniform_mamba_GEO_DIV_R_high_seed0/metadata.json
main,organsmnist,channel_split,mamba,256,32,1024,GEO_DIV,GEO_DIV,1,100,87.2776,97.6194,87.3165,283147,p0b_organsmnist_main_uniform_mamba_GEO_DIV_R_high_seed1/metadata.json
main,organsmnist,channel_split,mamba,256,32,1024,GEO_DIV,GEO_DIV,2,100,87.666,97.5381,87.7243,283147,p0b_organsmnist_main_uniform_mamba_GEO_DIV_R_high_seed2/metadata.json
main,organsmnist,channel_split,mamba,256,32,1024,GEO_DIV,GEO_DIV,3,100,86.2522,97.2973,86.2969,283147,p0b_organsmnist_main_uniform_mamba_GEO_DIV_R_high_seed3/metadata.json
main,organsmnist,channel_split,mamba,256,32,1024,GEO_SG1,GEO_S,0,100,86.4756,97.2698,86.6639,283147,p0b_organsmnist_main_uniform_mamba_GEO_SG1_R_high_seed0/metadata.json
main,organsmnist,channel_split,mamba,256,32,1024,GEO_SG1,GEO_S,1,100,85.5473,97.452,85.4405,283147,p0b_organsmnist_main_uniform_mamba_GEO_SG1_R_high_seed1/metadata.json
main,organsmnist,channel_split,mamba,256,32,1024,GEO_SG1,GEO_S,2,100,86.9669,97.2949,86.8679,283147,p0b_organsmnist_main_uniform_mamba_GEO_SG1_R_high_seed2/metadata.json
main,organsmnist,channel_split,mamba,256,32,1024,GEO_SG1,GEO_S,3,100,86.6115,97.3989,86.8271,283147,p0b_organsmnist_main_uniform_mamba_GEO_SG1_R_high_seed3/metadata.json
main,organsmnist,channel_split,mamba,256,32,1024,GEO_SG2,GEO_S,0,100,85.32,97.4199,85.3589,283147,p0b_organsmnist_main_uniform_mamba_GEO_SG2_R_high_seed0/metadata.json
main,organsmnist,channel_split,mamba,256,32,1024,GEO_SG2,GEO_S,1,100,85.0851,97.5719,85.2365,283147,p0b_organsmnist_main_uniform_mamba_GEO_SG2_R_high_seed1/metadata.json
main,organsmnist,channel_split,mamba,256,32,1024,GEO_SG2,GEO_S,2,100,85.9551,97.4244,85.9706,283147,p0b_organsmnist_main_uniform_mamba_GEO_SG2_R_high_seed2/metadata.json
main,organsmnist,channel_split,mamba,256,32,1024,GEO_SG2,GEO_S,3,100,85.6036,97.2673,85.5628,283147,p0b_organsmnist_main_uniform_mamba_GEO_SG2_R_high_seed3/metadata.json
main,organsmnist,channel_split,mamba,256,32,1024,GEO_SG3,GEO_S,0,100,87.0873,97.472,86.9902,283147,p0b_organsmnist_main_uniform_mamba_GEO_SG3_R_high_seed0/metadata.json
main,organsmnist,channel_split,mamba,256,32,1024,GEO_SG3,GEO_S,1,100,86.8135,97.8443,86.8271,283147,p0b_organsmnist_main_uniform_mamba_GEO_SG3_R_high_seed1/metadata.json
main,organsmnist,channel_split,mamba,256,32,1024,GEO_SG3,GEO_S,2,100,87.2349,97.4751,87.2349,283147,p0b_organsmnist_main_uniform_mamba_GEO_SG3_R_high_seed2/metadata.json
main,organsmnist,channel_split,mamba,256,32,1024,GEO_SG3,GEO_S,3,100,85.5609,97.5192,85.6852,283147,p0b_organsmnist_main_uniform_mamba_GEO_SG3_R_high_seed3/metadata.json
main,organsmnist,channel_split,mamba,256,32,1024,GEO_SG4,GEO_S,0,100,87.8447,97.2205,87.8874,283147,p0b_organsmnist_main_uniform_mamba_GEO_SG4_R_high_seed0/metadata.json
main,organsmnist,channel_split,mamba,256,32,1024,GEO_SG4,GEO_S,1,100,87.7593,97.4788,87.8874,283147,p0b_organsmnist_main_uniform_mamba_GEO_SG4_R_high_seed1/metadata.json
main,organsmnist,channel_split,mamba,256,32,1024,GEO_SG4,GEO_S,2,100,87.2699,97.7169,87.3165,283147,p0b_organsmnist_main_uniform_mamba_GEO_SG4_R_high_seed2/metadata.json
main,organsmnist,channel_split,mamba,256,32,1024,GEO_SG4,GEO_S,3,100,88.171,97.1826,88.0098,283147,p0b_organsmnist_main_uniform_mamba_GEO_SG4_R_high_seed3/metadata.json
main,organsmnist,channel_split,mamba,256,32,1024,LOC_D,LOC_D,0,100,86.429,95.2746,86.5416,283147,p0b_organsmnist_main_uniform_mamba_LOC_D_R_high_seed0/metadata.json
main,organsmnist,channel_split,mamba,256,32,1024,LOC_D,LOC_D,1,100,87.0193,95.5901,87.3165,283147,p0b_organsmnist_main_uniform_mamba_LOC_D_R_high_seed1/metadata.json
main,organsmnist,channel_split,mamba,256,32,1024,LOC_D,LOC_D,2,100,86.6873,95.6487,86.6232,283147,p0b_organsmnist_main_uniform_mamba_LOC_D_R_high_seed2/metadata.json
main,organsmnist,channel_split,mamba,256,32,1024,LOC_D,LOC_D,3,100,86.4309,95.6174,86.3785,283147,p0b_organsmnist_main_uniform_mamba_LOC_D_R_high_seed3/metadata.json
main,organsmnist,channel_split,mamba,256,32,1024,LOC_S,LOC_S,0,100,84.7336,94.9239,84.6656,283147,p0b_organsmnist_main_uniform_mamba_LOC_S_R_high_seed0/metadata.json
main,organsmnist,channel_split,mamba,256,32,1024,LOC_S,LOC_S,1,100,84.1179,95.0635,84.1762,283147,p0b_organsmnist_main_uniform_mamba_LOC_S_R_high_seed1/metadata.json
main,organsmnist,channel_split,mamba,256,32,1024,LOC_S,LOC_S,2,100,85.8502,94.8271,85.8483,283147,p0b_organsmnist_main_uniform_mamba_LOC_S_R_high_seed2/metadata.json
main,organsmnist,channel_split,mamba,256,32,1024,LOC_S,LOC_S,3,100,86.3338,94.38,86.46,283147,p0b_organsmnist_main_uniform_mamba_LOC_S_R_high_seed3/metadata.json
main,organsmnist,channel_split,mamba,256,32,1024,RND_D1,RND_D,0,100,81.6612,89.8093,81.7292,283147,p0b_organsmnist_main_uniform_mamba_RND_D1_R_high_seed0/metadata.json
main,organsmnist,channel_split,mamba,256,32,1024,RND_D1,RND_D,1,100,82.7973,89.686,82.8303,283147,p0b_organsmnist_main_uniform_mamba_RND_D1_R_high_seed1/metadata.json
main,organsmnist,channel_split,mamba,256,32,1024,RND_D1,RND_D,2,100,81.4884,90.5306,81.6884,283147,p0b_organsmnist_main_uniform_mamba_RND_D1_R_high_seed2/metadata.json
main,organsmnist,channel_split,mamba,256,32,1024,RND_D1,RND_D,3,100,81.4981,89.6343,81.6476,283147,p0b_organsmnist_main_uniform_mamba_RND_D1_R_high_seed3/metadata.json
main,organsmnist,channel_split,mamba,256,32,1024,RND_D2,RND_D,0,100,82.6381,89.8899,82.5856,283147,p0b_organsmnist_main_uniform_mamba_RND_D2_R_high_seed0/metadata.json
main,organsmnist,channel_split,mamba,256,32,1024,RND_D2,RND_D,1,100,83.312,89.84,83.4829,283147,p0b_organsmnist_main_uniform_mamba_RND_D2_R_high_seed1/metadata.json
main,organsmnist,channel_split,mamba,256,32,1024,RND_D2,RND_D,2,100,81.768,90.9564,81.6476,283147,p0b_organsmnist_main_uniform_mamba_RND_D2_R_high_seed2/metadata.json
main,organsmnist,channel_split,mamba,256,32,1024,RND_D2,RND_D,3,100,80.9543,89.1693,81.1175,283147,p0b_organsmnist_main_uniform_mamba_RND_D2_R_high_seed3/metadata.json
main,organsmnist,channel_split,mamba,256,32,1024,RND_D3,RND_D,0,100,82.5876,89.5957,82.5041,283147,p0b_organsmnist_main_uniform_mamba_RND_D3_R_high_seed0/metadata.json
main,organsmnist,channel_split,mamba,256,32,1024,RND_D3,RND_D,1,100,83.1935,89.4287,83.3605,283147,p0b_organsmnist_main_uniform_mamba_RND_D3_R_high_seed1/metadata.json
main,organsmnist,channel_split,mamba,256,32,1024,RND_D3,RND_D,2,100,81.7486,90.799,81.6069,283147,p0b_organsmnist_main_uniform_mamba_RND_D3_R_high_seed2/metadata.json
main,organsmnist,channel_split,mamba,256,32,1024,RND_D3,RND_D,3,100,82.0011,89.7855,82.0962,283147,p0b_organsmnist_main_uniform_mamba_RND_D3_R_high_seed3/metadata.json
main,organsmnist,channel_split,mamba,256,32,1024,RND_S1,RND_S,0,100,82.5371,89.7625,82.708,283147,p0b_organsmnist_main_uniform_mamba_RND_S1_R_high_seed0/metadata.json
main,organsmnist,channel_split,mamba,256,32,1024,RND_S1,RND_S,1,100,82.9158,89.6374,82.9527,283147,p0b_organsmnist_main_uniform_mamba_RND_S1_R_high_seed1/metadata.json
main,organsmnist,channel_split,mamba,256,32,1024,RND_S1,RND_S,2,100,82.0186,90.4845,82.0147,283147,p0b_organsmnist_main_uniform_mamba_RND_S1_R_high_seed2/metadata.json
main,organsmnist,channel_split,mamba,256,32,1024,RND_S1,RND_S,3,100,80.9776,89.5771,81.199,283147,p0b_organsmnist_main_uniform_mamba_RND_S1_R_high_seed3/metadata.json
main,organsmnist,channel_split,mamba,256,32,1024,RND_S2,RND_S,0,100,81.2728,89.8906,81.5253,283147,p0b_organsmnist_main_uniform_mamba_RND_S2_R_high_seed0/metadata.json
main,organsmnist,channel_split,mamba,256,32,1024,RND_S2,RND_S,1,100,83.4013,89.7404,83.4013,283147,p0b_organsmnist_main_uniform_mamba_RND_S2_R_high_seed1/metadata.json
main,organsmnist,channel_split,mamba,256,32,1024,RND_S2,RND_S,2,100,81.8515,90.7948,81.8108,283147,p0b_organsmnist_main_uniform_mamba_RND_S2_R_high_seed2/metadata.json
main,organsmnist,channel_split,mamba,256,32,1024,RND_S2,RND_S,3,100,82.2555,89.6374,82.5856,283147,p0b_organsmnist_main_uniform_mamba_RND_S2_R_high_seed3/metadata.json
main,organsmnist,channel_split,mamba,256,32,1024,RND_S3,RND_S,0,100,81.5447,89.378,81.5661,283147,p0b_organsmnist_main_uniform_mamba_RND_S3_R_high_seed0/metadata.json
main,organsmnist,channel_split,mamba,256,32,1024,RND_S3,RND_S,1,100,82.9333,89.0783,82.9935,283147,p0b_organsmnist_main_uniform_mamba_RND_S3_R_high_seed1/metadata.json
main,organsmnist,channel_split,mamba,256,32,1024,RND_S3,RND_S,2,100,82.104,90.6371,82.0147,283147,p0b_organsmnist_main_uniform_mamba_RND_S3_R_high_seed2/metadata.json
main,organsmnist,channel_split,mamba,256,32,1024,RND_S3,RND_S,3,100,80.8533,89.2857,80.9951,283147,p0b_organsmnist_main_uniform_mamba_RND_S3_R_high_seed3/metadata.json
main,organsmnist,channel_split,mamba,256,8,64,GEO_DIV,GEO_DIV,0,100,87.8719,97.1378,88.2545,282379,p0b_organsmnist_main_uniform_mamba_GEO_DIV_R_low_seed0/metadata.json
main,organsmnist,channel_split,mamba,256,8,64,GEO_DIV,GEO_DIV,1,100,88.204,96.9728,88.2953,282379,p0b_organsmnist_main_uniform_mamba_GEO_DIV_R_low_seed1/metadata.json
main,organsmnist,channel_split,mamba,256,8,64,GEO_DIV,GEO_DIV,2,100,87.8505,96.9325,87.8874,282379,p0b_organsmnist_main_uniform_mamba_GEO_DIV_R_low_seed2/metadata.json
main,organsmnist,channel_split,mamba,256,8,64,GEO_DIV,GEO_DIV,3,100,87.7127,96.9115,87.8059,282379,p0b_organsmnist_main_uniform_mamba_GEO_DIV_R_low_seed3/metadata.json
main,organsmnist,channel_split,mamba,256,8,64,GEO_SG1,GEO_S,0,100,87.5573,96.7596,87.602,282379,p0b_organsmnist_main_uniform_mamba_GEO_SG1_R_low_seed0/metadata.json
main,organsmnist,channel_split,mamba,256,8,64,GEO_SG1,GEO_S,1,100,87.6156,96.5557,87.8059,282379,p0b_organsmnist_main_uniform_mamba_GEO_SG1_R_low_seed1/metadata.json
main,organsmnist,channel_split,mamba,256,8,64,GEO_SG1,GEO_S,2,100,87.1048,96.6235,87.1941,282379,p0b_organsmnist_main_uniform_mamba_GEO_SG1_R_low_seed2/metadata.json
main,organsmnist,channel_split,mamba,256,8,64,GEO_SG1,GEO_S,3,100,88.4739,96.4299,88.7031,282379,p0b_organsmnist_main_uniform_mamba_GEO_SG1_R_low_seed3/metadata.json
main,organsmnist,channel_split,mamba,256,8,64,GEO_SG2,GEO_S,0,100,86.4231,96.8933,86.3785,282379,p0b_organsmnist_main_uniform_mamba_GEO_SG2_R_low_seed0/metadata.json
main,organsmnist,channel_split,mamba,256,8,64,GEO_SG2,GEO_S,1,100,86.93,96.7489,87.0718,282379,p0b_organsmnist_main_uniform_mamba_GEO_SG2_R_low_seed1/metadata.json
main,organsmnist,channel_split,mamba,256,8,64,GEO_SG2,GEO_S,2,100,86.2406,96.6122,86.1746,282379,p0b_organsmnist_main_uniform_mamba_GEO_SG2_R_low_seed2/metadata.json
main,organsmnist,channel_split,mamba,256,8,64,GEO_SG2,GEO_S,3,100,86.126,96.6528,85.7667,282379,p0b_organsmnist_main_uniform_mamba_GEO_SG2_R_low_seed3/metadata.json
main,organsmnist,channel_split,mamba,256,8,64,GEO_SG3,GEO_S,0,100,87.4505,96.7868,87.7651,282379,p0b_organsmnist_main_uniform_mamba_GEO_SG3_R_low_seed0/metadata.json
main,organsmnist,channel_split,mamba,256,8,64,GEO_SG3,GEO_S,1,100,87.7107,96.8564,87.8467,282379,p0b_organsmnist_main_uniform_mamba_GEO_SG3_R_low_seed1/metadata.json
main,organsmnist,channel_split,mamba,256,8,64,GEO_SG3,GEO_S,2,100,87.6738,96.7324,87.6427,282379,p0b_organsmnist_main_uniform_mamba_GEO_SG3_R_low_seed2/metadata.json
main,organsmnist,channel_split,mamba,256,8,64,GEO_SG3,GEO_S,3,100,88.0098,96.6284,87.969,282379,p0b_organsmnist_main_uniform_mamba_GEO_SG3_R_low_seed3/metadata.json
main,organsmnist,channel_split,mamba,256,8,64,GEO_SG4,GEO_S,0,100,88.2953,96.711,88.3768,282379,p0b_organsmnist_main_uniform_mamba_GEO_SG4_R_low_seed0/metadata.json
main,organsmnist,channel_split,mamba,256,8,64,GEO_SG4,GEO_S,1,100,87.936,96.8426,88.0098,282379,p0b_organsmnist_main_uniform_mamba_GEO_SG4_R_low_seed1/metadata.json
main,organsmnist,channel_split,mamba,256,8,64,GEO_SG4,GEO_S,2,100,88.1477,96.7462,88.2545,282379,p0b_organsmnist_main_uniform_mamba_GEO_SG4_R_low_seed2/metadata.json
main,organsmnist,channel_split,mamba,256,8,64,GEO_SG4,GEO_S,3,100,87.8894,96.6787,88.0098,282379,p0b_organsmnist_main_uniform_mamba_GEO_SG4_R_low_seed3/metadata.json
main,organsmnist,channel_split,mamba,256,8,64,LOC_D,LOC_D,0,100,87.633,94.8905,87.7651,282379,p0b_organsmnist_main_uniform_mamba_LOC_D_R_low_seed0/metadata.json
main,organsmnist,channel_split,mamba,256,8,64,LOC_D,LOC_D,1,100,86.728,94.9208,86.6639,282379,p0b_organsmnist_main_uniform_mamba_LOC_D_R_low_seed1/metadata.json
main,organsmnist,channel_split,mamba,256,8,64,LOC_D,LOC_D,2,100,87.4097,94.874,87.4388,282379,p0b_organsmnist_main_uniform_mamba_LOC_D_R_low_seed2/metadata.json
main,organsmnist,channel_split,mamba,256,8,64,LOC_D,LOC_D,3,100,87.398,94.7796,87.398,282379,p0b_organsmnist_main_uniform_mamba_LOC_D_R_low_seed3/metadata.json
main,organsmnist,channel_split,mamba,256,8,64,LOC_S,LOC_S,0,100,87.8505,94.5268,87.9282,282379,p0b_organsmnist_main_uniform_mamba_LOC_S_R_low_seed0/metadata.json
main,organsmnist,channel_split,mamba,256,8,64,LOC_S,LOC_S,1,100,86.1493,94.7124,86.2153,282379,p0b_organsmnist_main_uniform_mamba_LOC_S_R_low_seed1/metadata.json
main,organsmnist,channel_split,mamba,256,8,64,LOC_S,LOC_S,2,100,88.1166,94.4593,88.0098,282379,p0b_organsmnist_main_uniform_mamba_LOC_S_R_low_seed2/metadata.json
main,organsmnist,channel_split,mamba,256,8,64,LOC_S,LOC_S,3,100,87.0582,94.2894,87.031,282379,p0b_organsmnist_main_uniform_mamba_LOC_S_R_low_seed3/metadata.json
main,organsmnist,channel_split,mamba,256,8,64,RND_D1,RND_D,0,100,86.6892,92.3725,86.6639,282379,p0b_organsmnist_main_uniform_mamba_RND_D1_R_low_seed0/metadata.json
main,organsmnist,channel_split,mamba,256,8,64,RND_D1,RND_D,1,100,86.3416,92.5027,86.2969,282379,p0b_organsmnist_main_uniform_mamba_RND_D1_R_low_seed1/metadata.json
main,organsmnist,channel_split,mamba,256,8,64,RND_D1,RND_D,2,100,87.2446,92.7228,87.2349,282379,p0b_organsmnist_main_uniform_mamba_RND_D1_R_low_seed2/metadata.json
main,organsmnist,channel_split,mamba,256,8,64,RND_D1,RND_D,3,100,86.2775,92.6629,86.2153,282379,p0b_organsmnist_main_uniform_mamba_RND_D1_R_low_seed3/metadata.json
main,organsmnist,channel_split,mamba,256,8,64,RND_D2,RND_D,0,100,86.2639,92.5912,86.1338,282379,p0b_organsmnist_main_uniform_mamba_RND_D2_R_low_seed0/metadata.json
main,organsmnist,channel_split,mamba,256,8,64,RND_D2,RND_D,1,100,87.2951,92.6029,87.3573,282379,p0b_organsmnist_main_uniform_mamba_RND_D2_R_low_seed1/metadata.json
main,organsmnist,channel_split,mamba,256,8,64,RND_D2,RND_D,2,100,86.5397,92.2946,86.5824,282379,p0b_organsmnist_main_uniform_mamba_RND_D2_R_low_seed2/metadata.json
main,organsmnist,channel_split,mamba,256,8,64,RND_D2,RND_D,3,100,86.3319,92.369,86.3377,282379,p0b_organsmnist_main_uniform_mamba_RND_D2_R_low_seed3/metadata.json
main,organsmnist,channel_split,mamba,256,8,64,RND_D3,RND_D,0,100,86.4095,92.5461,86.5416,282379,p0b_organsmnist_main_uniform_mamba_RND_D3_R_low_seed0/metadata.json
main,organsmnist,channel_split,mamba,256,8,64,RND_D3,RND_D,1,100,85.8988,92.3236,86.0522,282379,p0b_organsmnist_main_uniform_mamba_RND_D3_R_low_seed1/metadata.json
main,organsmnist,channel_split,mamba,256,8,64,RND_D3,RND_D,2,100,86.0075,92.4372,86.0522,282379,p0b_organsmnist_main_uniform_mamba_RND_D3_R_low_seed2/metadata.json
main,organsmnist,channel_split,mamba,256,8,64,RND_D3,RND_D,3,100,85.9532,92.3835,86.0522,282379,p0b_organsmnist_main_uniform_mamba_RND_D3_R_low_seed3/metadata.json
main,organsmnist,channel_split,mamba,256,8,64,RND_S1,RND_S,0,100,86.998,92.6057,87.2757,282379,p0b_organsmnist_main_uniform_mamba_RND_S1_R_low_seed0/metadata.json
main,organsmnist,channel_split,mamba,256,8,64,RND_S1,RND_S,1,100,86.0095,92.534,85.9706,282379,p0b_organsmnist_main_uniform_mamba_RND_S1_R_low_seed1/metadata.json
main,organsmnist,channel_split,mamba,256,8,64,RND_S1,RND_S,2,100,86.0833,92.41,86.0114,282379,p0b_organsmnist_main_uniform_mamba_RND_S1_R_low_seed2/metadata.json
main,organsmnist,channel_split,mamba,256,8,64,RND_S1,RND_S,3,100,87.4058,92.4927,87.4388,282379,p0b_organsmnist_main_uniform_mamba_RND_S1_R_low_seed3/metadata.json
main,organsmnist,channel_split,mamba,256,8,64,RND_S2,RND_S,0,100,86.5125,92.3621,86.2561,282379,p0b_organsmnist_main_uniform_mamba_RND_S2_R_low_seed0/metadata.json
main,organsmnist,channel_split,mamba,256,8,64,RND_S2,RND_S,1,100,86.2056,92.491,86.3785,282379,p0b_organsmnist_main_uniform_mamba_RND_S2_R_low_seed1/metadata.json
main,organsmnist,channel_split,mamba,256,8,64,RND_S2,RND_S,2,100,86.5707,92.1844,86.9494,282379,p0b_organsmnist_main_uniform_mamba_RND_S2_R_low_seed2/metadata.json
main,organsmnist,channel_split,mamba,256,8,64,RND_S2,RND_S,3,100,86.4736,92.2826,86.5008,282379,p0b_organsmnist_main_uniform_mamba_RND_S2_R_low_seed3/metadata.json
main,organsmnist,channel_split,mamba,256,8,64,RND_S3,RND_S,0,100,86.2872,92.4651,86.1746,282379,p0b_organsmnist_main_uniform_mamba_RND_S3_R_low_seed0/metadata.json
main,organsmnist,channel_split,mamba,256,8,64,RND_S3,RND_S,1,100,86.695,92.6777,86.8679,282379,p0b_organsmnist_main_uniform_mamba_RND_S3_R_low_seed1/metadata.json
main,organsmnist,channel_split,mamba,256,8,64,RND_S3,RND_S,2,100,86.8951,92.3194,86.9494,282379,p0b_organsmnist_main_uniform_mamba_RND_S3_R_low_seed2/metadata.json
main,organsmnist,channel_split,mamba,256,8,64,RND_S3,RND_S,3,100,86.159,92.1131,86.2969,282379,p0b_organsmnist_main_uniform_mamba_RND_S3_R_low_seed3/metadata.json
